-- phpMyAdmin SQL Dump
-- version 5.2.1
-- https://www.phpmyadmin.net/
--
-- Servidor: 127.0.0.1
-- Tiempo de generación: 21-05-2025 a las 00:21:42
-- Versión del servidor: 10.4.32-MariaDB
-- Versión de PHP: 8.1.25

SET SQL_MODE = "NO_AUTO_VALUE_ON_ZERO";
START TRANSACTION;
SET time_zone = "+00:00";


/*!40101 SET @OLD_CHARACTER_SET_CLIENT=@@CHARACTER_SET_CLIENT */;
/*!40101 SET @OLD_CHARACTER_SET_RESULTS=@@CHARACTER_SET_RESULTS */;
/*!40101 SET @OLD_COLLATION_CONNECTION=@@COLLATION_CONNECTION */;
/*!40101 SET NAMES utf8mb4 */;

--
-- Base de datos: `luvia`
--

-- --------------------------------------------------------

--
-- Estructura de tabla para la tabla `districts`
--

CREATE TABLE `districts` (
  `id` int(11) NOT NULL,
  `province_id` int(11) NOT NULL,
  `name` varchar(100) NOT NULL,
  `created_at` timestamp NOT NULL DEFAULT current_timestamp()
) ENGINE=InnoDB DEFAULT CHARSET=utf8mb4 COLLATE=utf8mb4_general_ci;

--
-- Volcado de datos para la tabla `districts`
--

INSERT INTO `districts` (`id`, `province_id`, `name`, `created_at`) VALUES
(1, 1, 'Chachapoyas', '2025-05-20 20:47:28'),
(2, 1, 'Asunción', '2025-05-20 20:47:28'),
(3, 1, 'Balsas', '2025-05-20 20:47:28'),
(4, 1, 'Cheto', '2025-05-20 20:47:28'),
(5, 1, 'Chiliquin', '2025-05-20 20:47:28'),
(6, 1, 'Chuquibamba', '2025-05-20 20:47:28'),
(7, 1, 'Granada', '2025-05-20 20:47:28'),
(8, 1, 'Huancas', '2025-05-20 20:47:28'),
(9, 1, 'La Jalca', '2025-05-20 20:47:28'),
(10, 1, 'Leimebamba', '2025-05-20 20:47:28'),
(11, 1, 'Levanto', '2025-05-20 20:47:28'),
(12, 1, 'Magdalena', '2025-05-20 20:47:28'),
(13, 1, 'Mariscal Castilla', '2025-05-20 20:47:28'),
(14, 1, 'Molinopampa', '2025-05-20 20:47:28'),
(15, 1, 'Montevideo', '2025-05-20 20:47:28'),
(16, 1, 'Olleros', '2025-05-20 20:47:28'),
(17, 1, 'Quinjalca', '2025-05-20 20:47:28'),
(18, 1, 'San Francisco de Daguas', '2025-05-20 20:47:28'),
(19, 1, 'San Isidro de Maino', '2025-05-20 20:47:28'),
(20, 1, 'Soloco', '2025-05-20 20:47:28'),
(21, 1, 'Sonche', '2025-05-20 20:47:28'),
(22, 2, 'Bagua', '2025-05-20 20:47:28'),
(23, 2, 'Aramango', '2025-05-20 20:47:28'),
(24, 2, 'Copallin', '2025-05-20 20:47:28'),
(25, 2, 'El Parco', '2025-05-20 20:47:28'),
(26, 2, 'Imaza', '2025-05-20 20:47:28'),
(27, 2, 'La Peca', '2025-05-20 20:47:28'),
(28, 3, 'Jumbilla', '2025-05-20 20:47:28'),
(29, 3, 'Chisquilla', '2025-05-20 20:47:28'),
(30, 3, 'Churuja', '2025-05-20 20:47:28'),
(31, 3, 'Corosha', '2025-05-20 20:47:28'),
(32, 3, 'Cuispes', '2025-05-20 20:47:28'),
(33, 3, 'Florida', '2025-05-20 20:47:28'),
(34, 3, 'Jazan', '2025-05-20 20:47:28'),
(35, 3, 'Recta', '2025-05-20 20:47:28'),
(36, 3, 'San Carlos', '2025-05-20 20:47:28'),
(37, 3, 'Shipasbamba', '2025-05-20 20:47:28'),
(38, 3, 'Valera', '2025-05-20 20:47:28'),
(39, 3, 'Yambrasbamba', '2025-05-20 20:47:28'),
(40, 4, 'Nieva', '2025-05-20 20:47:28'),
(41, 4, 'El Cenepa', '2025-05-20 20:47:28'),
(42, 4, 'Río Santiago', '2025-05-20 20:47:28'),
(43, 5, 'Lamud', '2025-05-20 20:47:28'),
(44, 5, 'Camporredondo', '2025-05-20 20:47:28'),
(45, 5, 'Cocabamba', '2025-05-20 20:47:28'),
(46, 5, 'Colcamar', '2025-05-20 20:47:28'),
(47, 5, 'Conila', '2025-05-20 20:47:28'),
(48, 5, 'Inguilpata', '2025-05-20 20:47:28'),
(49, 5, 'Longuita', '2025-05-20 20:47:28'),
(50, 5, 'Lonya Chico', '2025-05-20 20:47:28'),
(51, 5, 'Luya', '2025-05-20 20:47:28'),
(52, 5, 'Luya Viejo', '2025-05-20 20:47:28'),
(53, 5, 'María', '2025-05-20 20:47:28'),
(54, 5, 'Ocalli', '2025-05-20 20:47:28'),
(55, 5, 'Ocumal', '2025-05-20 20:47:28'),
(56, 5, 'Pisuquia', '2025-05-20 20:47:28'),
(57, 5, 'Providencia', '2025-05-20 20:47:28'),
(58, 5, 'San Cristóbal', '2025-05-20 20:47:28'),
(59, 5, 'San Francisco del Yeso', '2025-05-20 20:47:28'),
(60, 5, 'San Jerónimo', '2025-05-20 20:47:28'),
(61, 5, 'San Juan de Lopecancha', '2025-05-20 20:47:28'),
(62, 5, 'Santa Catalina', '2025-05-20 20:47:28'),
(63, 5, 'Santo Tomás', '2025-05-20 20:47:28'),
(64, 5, 'Tingo', '2025-05-20 20:47:28'),
(65, 5, 'Trita', '2025-05-20 20:47:28'),
(66, 6, 'San Nicolás', '2025-05-20 20:47:28'),
(67, 6, 'Chirimoto', '2025-05-20 20:47:28'),
(68, 6, 'Cochamal', '2025-05-20 20:47:28'),
(69, 6, 'Huambo', '2025-05-20 20:47:28'),
(70, 6, 'Limabamba', '2025-05-20 20:47:28'),
(71, 6, 'Longar', '2025-05-20 20:47:28'),
(72, 6, 'Mariscal Benavides', '2025-05-20 20:47:28'),
(73, 6, 'Mílpuc', '2025-05-20 20:47:28'),
(74, 6, 'Omia', '2025-05-20 20:47:28'),
(75, 6, 'Santa Rosa', '2025-05-20 20:47:28'),
(76, 6, 'Totora', '2025-05-20 20:47:28'),
(77, 6, 'Vista Alegre', '2025-05-20 20:47:28'),
(78, 7, 'Bagua Grande', '2025-05-20 20:47:28'),
(79, 7, 'Cajaruro', '2025-05-20 20:47:28'),
(80, 7, 'Cumba', '2025-05-20 20:47:28'),
(81, 7, 'El Milagro', '2025-05-20 20:47:28'),
(82, 7, 'Jamalca', '2025-05-20 20:47:28'),
(83, 7, 'Lonya Grande', '2025-05-20 20:47:28'),
(84, 7, 'Yamón', '2025-05-20 20:47:28'),
(85, 8, 'Huaraz', '2025-05-20 20:48:04'),
(86, 8, 'Cochabamba', '2025-05-20 20:48:04'),
(87, 8, 'Colcabamba', '2025-05-20 20:48:04'),
(88, 8, 'Huanchay', '2025-05-20 20:48:04'),
(89, 8, 'Independencia', '2025-05-20 20:48:04'),
(90, 8, 'Jangas', '2025-05-20 20:48:04'),
(91, 8, 'La Libertad', '2025-05-20 20:48:04'),
(92, 8, 'Olleros', '2025-05-20 20:48:04'),
(93, 8, 'Pampas Grande', '2025-05-20 20:48:04'),
(94, 8, 'Pariacoto', '2025-05-20 20:48:04'),
(95, 8, 'Pira', '2025-05-20 20:48:04'),
(96, 8, 'Tarica', '2025-05-20 20:48:04'),
(97, 9, 'Aija', '2025-05-20 20:48:04'),
(98, 9, 'Coris', '2025-05-20 20:48:04'),
(99, 9, 'Huacllan', '2025-05-20 20:48:04'),
(100, 9, 'La Merced', '2025-05-20 20:48:04'),
(101, 9, 'Succha', '2025-05-20 20:48:04'),
(102, 10, 'Llamellin', '2025-05-20 20:48:04'),
(103, 10, 'Aczo', '2025-05-20 20:48:04'),
(104, 10, 'Chaccho', '2025-05-20 20:48:04'),
(105, 10, 'Chingas', '2025-05-20 20:48:04'),
(106, 10, 'Mirgas', '2025-05-20 20:48:04'),
(107, 10, 'San Juan de Rontoy', '2025-05-20 20:48:04'),
(108, 11, 'Chacas', '2025-05-20 20:48:04'),
(109, 11, 'Acochaca', '2025-05-20 20:48:04'),
(110, 12, 'Chiquian', '2025-05-20 20:48:04'),
(111, 12, 'Abelardo Pardo Lezameta', '2025-05-20 20:48:04'),
(112, 12, 'Antonio Raymondi', '2025-05-20 20:48:04'),
(113, 12, 'Aquia', '2025-05-20 20:48:04'),
(114, 12, 'Cajacay', '2025-05-20 20:48:04'),
(115, 12, 'Canis', '2025-05-20 20:48:04'),
(116, 12, 'Colquioc', '2025-05-20 20:48:04'),
(117, 12, 'Huallanca', '2025-05-20 20:48:04'),
(118, 12, 'Huasta', '2025-05-20 20:48:04'),
(119, 12, 'Huayllacayan', '2025-05-20 20:48:04'),
(120, 12, 'La Primavera', '2025-05-20 20:48:04'),
(121, 12, 'Mangas', '2025-05-20 20:48:04'),
(122, 12, 'Pacllon', '2025-05-20 20:48:04'),
(123, 12, 'San Miguel de Corpanqui', '2025-05-20 20:48:04'),
(124, 12, 'Ticllos', '2025-05-20 20:48:04'),
(125, 13, 'Carhuaz', '2025-05-20 20:48:04'),
(126, 13, 'Acopampa', '2025-05-20 20:48:04'),
(127, 13, 'Amashca', '2025-05-20 20:48:04'),
(128, 13, 'Anta', '2025-05-20 20:48:04'),
(129, 13, 'Ataquero', '2025-05-20 20:48:04'),
(130, 13, 'Marcara', '2025-05-20 20:48:04'),
(131, 13, 'Pariahuanca', '2025-05-20 20:48:04'),
(132, 13, 'San Miguel de Aco', '2025-05-20 20:48:04'),
(133, 13, 'Shilla', '2025-05-20 20:48:04'),
(134, 13, 'Tinco', '2025-05-20 20:48:04'),
(135, 13, 'Yungar', '2025-05-20 20:48:04'),
(136, 14, 'San Luis', '2025-05-20 20:48:04'),
(137, 14, 'San Nicolás', '2025-05-20 20:48:04'),
(138, 14, 'Yauya', '2025-05-20 20:48:04'),
(139, 15, 'Casma', '2025-05-20 20:48:04'),
(140, 15, 'Buena Vista Alta', '2025-05-20 20:48:04'),
(141, 15, 'Comandante Noel', '2025-05-20 20:48:04'),
(142, 15, 'Yautan', '2025-05-20 20:48:04'),
(143, 16, 'Corongo', '2025-05-20 20:48:04'),
(144, 16, 'Aco', '2025-05-20 20:48:04'),
(145, 16, 'Bambas', '2025-05-20 20:48:04'),
(146, 16, 'Cusca', '2025-05-20 20:48:04'),
(147, 16, 'La Pampa', '2025-05-20 20:48:04'),
(148, 16, 'Yanac', '2025-05-20 20:48:04'),
(149, 16, 'Yupan', '2025-05-20 20:48:04'),
(150, 17, 'Huari', '2025-05-20 20:48:04'),
(151, 17, 'Anra', '2025-05-20 20:48:04'),
(152, 17, 'Cajay', '2025-05-20 20:48:04'),
(153, 17, 'Chavin de Huantar', '2025-05-20 20:48:04'),
(154, 17, 'Huacachi', '2025-05-20 20:48:04'),
(155, 17, 'Huacchis', '2025-05-20 20:48:04'),
(156, 17, 'Huachis', '2025-05-20 20:48:04'),
(157, 17, 'Huantar', '2025-05-20 20:48:04'),
(158, 17, 'Masin', '2025-05-20 20:48:04'),
(159, 17, 'Paucas', '2025-05-20 20:48:04'),
(160, 17, 'Ponto', '2025-05-20 20:48:04'),
(161, 17, 'Rahuapampa', '2025-05-20 20:48:04'),
(162, 17, 'Rapayan', '2025-05-20 20:48:04'),
(163, 17, 'San Marcos', '2025-05-20 20:48:04'),
(164, 17, 'San Pedro de Chana', '2025-05-20 20:48:04'),
(165, 17, 'Uco', '2025-05-20 20:48:04'),
(166, 18, 'Huarmey', '2025-05-20 20:48:04'),
(167, 18, 'Cochapeti', '2025-05-20 20:48:04'),
(168, 18, 'Culebras', '2025-05-20 20:48:04'),
(169, 18, 'Huayan', '2025-05-20 20:48:04'),
(170, 18, 'Malvas', '2025-05-20 20:48:04'),
(171, 19, 'Caraz', '2025-05-20 20:48:04'),
(172, 19, 'Huallanca', '2025-05-20 20:48:04'),
(173, 19, 'Huata', '2025-05-20 20:48:04'),
(174, 19, 'Huaylas', '2025-05-20 20:48:04'),
(175, 19, 'Mato', '2025-05-20 20:48:04'),
(176, 19, 'Pamparomas', '2025-05-20 20:48:04'),
(177, 19, 'Pueblo Libre', '2025-05-20 20:48:04'),
(178, 19, 'Santa Cruz', '2025-05-20 20:48:04'),
(179, 19, 'Santo Toribio', '2025-05-20 20:48:04'),
(180, 19, 'Yuracmarca', '2025-05-20 20:48:04'),
(181, 20, 'Piscobamba', '2025-05-20 20:48:04'),
(182, 20, 'Casca', '2025-05-20 20:48:04'),
(183, 20, 'Eleazar Guzmán Barron', '2025-05-20 20:48:04'),
(184, 20, 'Fidel Olivas Escudero', '2025-05-20 20:48:04'),
(185, 20, 'Llama', '2025-05-20 20:48:04'),
(186, 20, 'Llumpa', '2025-05-20 20:48:04'),
(187, 20, 'Lucma', '2025-05-20 20:48:04'),
(188, 20, 'Musga', '2025-05-20 20:48:04'),
(189, 21, 'Ocros', '2025-05-20 20:48:04'),
(190, 21, 'Acas', '2025-05-20 20:48:04'),
(191, 21, 'Cajamarquilla', '2025-05-20 20:48:04'),
(192, 21, 'Carhuapampa', '2025-05-20 20:48:04'),
(193, 21, 'Cochas', '2025-05-20 20:48:04'),
(194, 21, 'Congas', '2025-05-20 20:48:04'),
(195, 21, 'Llipa', '2025-05-20 20:48:04'),
(196, 21, 'San Cristóbal de Rajan', '2025-05-20 20:48:04'),
(197, 21, 'San Pedro', '2025-05-20 20:48:04'),
(198, 21, 'Santiago de Chilcas', '2025-05-20 20:48:04'),
(199, 22, 'Cabana', '2025-05-20 20:48:04'),
(200, 22, 'Bolognesi', '2025-05-20 20:48:04'),
(201, 22, 'Conchucos', '2025-05-20 20:48:04'),
(202, 22, 'Huacaschuque', '2025-05-20 20:48:04'),
(203, 22, 'Huandoval', '2025-05-20 20:48:04'),
(204, 22, 'Lacabamba', '2025-05-20 20:48:04'),
(205, 22, 'Llapo', '2025-05-20 20:48:04'),
(206, 22, 'Pallasca', '2025-05-20 20:48:04'),
(207, 22, 'Pampas', '2025-05-20 20:48:04'),
(208, 22, 'Santa Rosa', '2025-05-20 20:48:04'),
(209, 22, 'Tauca', '2025-05-20 20:48:04'),
(210, 23, 'Pomabamba', '2025-05-20 20:48:04'),
(211, 23, 'Huayllan', '2025-05-20 20:48:04'),
(212, 23, 'Parobamba', '2025-05-20 20:48:04'),
(213, 23, 'Quinuabamba', '2025-05-20 20:48:04'),
(214, 24, 'Recuay', '2025-05-20 20:48:04'),
(215, 24, 'Catac', '2025-05-20 20:48:04'),
(216, 24, 'Cotaparaco', '2025-05-20 20:48:04'),
(217, 24, 'Huayllapampa', '2025-05-20 20:48:04'),
(218, 24, 'Llacllin', '2025-05-20 20:48:04'),
(219, 24, 'Marca', '2025-05-20 20:48:04'),
(220, 24, 'Pampas Chico', '2025-05-20 20:48:04'),
(221, 24, 'Pararin', '2025-05-20 20:48:04'),
(222, 24, 'Tapacocha', '2025-05-20 20:48:04'),
(223, 24, 'Ticapampa', '2025-05-20 20:48:04'),
(224, 25, 'Chimbote', '2025-05-20 20:48:04'),
(225, 25, 'Cáceres del Perú', '2025-05-20 20:48:04'),
(226, 25, 'Coishco', '2025-05-20 20:48:04'),
(227, 25, 'Macate', '2025-05-20 20:48:04'),
(228, 25, 'Moro', '2025-05-20 20:48:04'),
(229, 25, 'Nepeña', '2025-05-20 20:48:04'),
(230, 25, 'Samanco', '2025-05-20 20:48:04'),
(231, 25, 'Santa', '2025-05-20 20:48:04'),
(232, 26, 'Sihuas', '2025-05-20 20:48:04'),
(233, 26, 'Acobamba', '2025-05-20 20:48:04'),
(234, 26, 'Alfonso Ugarte', '2025-05-20 20:48:04'),
(235, 26, 'Cashapampa', '2025-05-20 20:48:04'),
(236, 26, 'Chingalpo', '2025-05-20 20:48:04'),
(237, 26, 'Huayllabamba', '2025-05-20 20:48:04'),
(238, 26, 'Quiches', '2025-05-20 20:48:04'),
(239, 26, 'Ragash', '2025-05-20 20:48:04'),
(240, 26, 'San Juan', '2025-05-20 20:48:04'),
(241, 26, 'Sicsibamba', '2025-05-20 20:48:04'),
(242, 27, 'Yungay', '2025-05-20 20:48:04'),
(243, 27, 'Cascapara', '2025-05-20 20:48:04'),
(244, 27, 'Mancos', '2025-05-20 20:48:04'),
(245, 27, 'Matacoto', '2025-05-20 20:48:04'),
(246, 27, 'Quillo', '2025-05-20 20:48:04'),
(247, 27, 'Ranrahirca', '2025-05-20 20:48:04'),
(248, 27, 'Shupluy', '2025-05-20 20:48:04'),
(249, 27, 'Yanama', '2025-05-20 20:48:04'),
(250, 28, 'Abancay', '2025-05-20 20:48:04'),
(251, 28, 'Chacoche', '2025-05-20 20:48:04'),
(252, 28, 'Circa', '2025-05-20 20:48:04'),
(253, 28, 'Curahuasi', '2025-05-20 20:48:04'),
(254, 28, 'Huanipaca', '2025-05-20 20:48:04'),
(255, 28, 'Lambrama', '2025-05-20 20:48:04'),
(256, 28, 'Pichirhua', '2025-05-20 20:48:04'),
(257, 28, 'San Pedro de Cachora', '2025-05-20 20:48:04'),
(258, 28, 'Tamburco', '2025-05-20 20:48:04'),
(259, 29, 'Andahuaylas', '2025-05-20 20:48:04'),
(260, 29, 'Andarapa', '2025-05-20 20:48:04'),
(261, 29, 'Chiara', '2025-05-20 20:48:04'),
(262, 29, 'Huancarama', '2025-05-20 20:48:04'),
(263, 29, 'Huancaray', '2025-05-20 20:48:04'),
(264, 29, 'Huayana', '2025-05-20 20:48:04'),
(265, 29, 'Kishuara', '2025-05-20 20:48:04'),
(266, 29, 'Pacobamba', '2025-05-20 20:48:04'),
(267, 29, 'Pacucha', '2025-05-20 20:48:04'),
(268, 29, 'Pampachiri', '2025-05-20 20:48:04'),
(269, 29, 'Pomacocha', '2025-05-20 20:48:04'),
(270, 29, 'San Antonio de Cachi', '2025-05-20 20:48:04'),
(271, 29, 'San Jerónimo', '2025-05-20 20:48:04'),
(272, 29, 'San Miguel de Chaccrampa', '2025-05-20 20:48:04'),
(273, 29, 'Santa María de Chicmo', '2025-05-20 20:48:04'),
(274, 29, 'Talavera', '2025-05-20 20:48:04'),
(275, 29, 'Tumay Huaraca', '2025-05-20 20:48:04'),
(276, 29, 'Turpo', '2025-05-20 20:48:04'),
(277, 30, 'Antabamba', '2025-05-20 20:48:04'),
(278, 30, 'El Oro', '2025-05-20 20:48:04'),
(279, 30, 'Huaquirca', '2025-05-20 20:48:04'),
(280, 30, 'Juan Espinoza Medrano', '2025-05-20 20:48:04'),
(281, 30, 'Oropesa', '2025-05-20 20:48:04'),
(282, 30, 'Pachaconas', '2025-05-20 20:48:04'),
(283, 30, 'Sabaino', '2025-05-20 20:48:04'),
(284, 31, 'Chalhuanca', '2025-05-20 20:48:04'),
(285, 31, 'Capaya', '2025-05-20 20:48:04'),
(286, 31, 'Caraybamba', '2025-05-20 20:48:04'),
(287, 31, 'Chapimarca', '2025-05-20 20:48:04'),
(288, 31, 'Colcabamba', '2025-05-20 20:48:04'),
(289, 31, 'Cotaruse', '2025-05-20 20:48:04'),
(290, 31, 'Ihuayllo', '2025-05-20 20:48:04'),
(291, 31, 'Justo Apu Sahuaraura', '2025-05-20 20:48:04'),
(292, 31, 'Lucre', '2025-05-20 20:48:04'),
(293, 31, 'Pocohuanca', '2025-05-20 20:48:04'),
(294, 31, 'San Juan de Chacña', '2025-05-20 20:48:04'),
(295, 31, 'Sañayca', '2025-05-20 20:48:04'),
(296, 31, 'Soraya', '2025-05-20 20:48:04'),
(297, 31, 'Tapairihua', '2025-05-20 20:48:04'),
(298, 31, 'Tintay', '2025-05-20 20:48:04'),
(299, 31, 'Toraya', '2025-05-20 20:48:04'),
(300, 31, 'Yanaca', '2025-05-20 20:48:04'),
(301, 32, 'Chincheros', '2025-05-20 20:48:04'),
(302, 32, 'Anco-Huallo', '2025-05-20 20:48:04'),
(303, 32, 'Cocharcas', '2025-05-20 20:48:04'),
(304, 32, 'Huaccana', '2025-05-20 20:48:04'),
(305, 32, 'Ocobamba', '2025-05-20 20:48:04'),
(306, 32, 'Ongoy', '2025-05-20 20:48:04'),
(307, 32, 'Uranmarca', '2025-05-20 20:48:04'),
(308, 32, 'Ranracancha', '2025-05-20 20:48:04'),
(309, 33, 'Grau', '2025-05-20 20:48:04'),
(310, 33, 'Chuquibambilla', '2025-05-20 20:48:04'),
(311, 33, 'Curasco', '2025-05-20 20:48:04'),
(312, 33, 'Curpahuasi', '2025-05-20 20:48:04'),
(313, 33, 'Gamarra', '2025-05-20 20:48:04'),
(314, 33, 'Huayllati', '2025-05-20 20:48:04'),
(315, 33, 'Mamara', '2025-05-20 20:48:04'),
(316, 33, 'Micaela Bastidas', '2025-05-20 20:48:04'),
(317, 33, 'Pataypampa', '2025-05-20 20:48:04'),
(318, 33, 'Progreso', '2025-05-20 20:48:04'),
(319, 33, 'San Antonio', '2025-05-20 20:48:04'),
(320, 33, 'Santa Rosa', '2025-05-20 20:48:04'),
(321, 33, 'Turpay', '2025-05-20 20:48:04'),
(322, 33, 'Vilcabamba', '2025-05-20 20:48:04'),
(323, 33, 'Virundo', '2025-05-20 20:48:04'),
(324, 33, 'Yanaca', '2025-05-20 20:48:04'),
(325, 35, 'Arequipa', '2025-05-20 20:48:04'),
(326, 35, 'Alto Selva Alegre', '2025-05-20 20:48:04'),
(327, 35, 'Cayma', '2025-05-20 20:48:04'),
(328, 35, 'Cerro Colorado', '2025-05-20 20:48:04'),
(329, 35, 'Characato', '2025-05-20 20:48:04'),
(330, 35, 'Chiguata', '2025-05-20 20:48:04'),
(331, 35, 'Jacobo Hunter', '2025-05-20 20:48:04'),
(332, 35, 'José Luis Bustamante y Rivero', '2025-05-20 20:48:04'),
(333, 35, 'La Joya', '2025-05-20 20:48:04'),
(334, 35, 'Mariano Melgar', '2025-05-20 20:48:04'),
(335, 35, 'Miraflores', '2025-05-20 20:48:04'),
(336, 35, 'Mollebaya', '2025-05-20 20:48:04'),
(337, 35, 'Paucarpata', '2025-05-20 20:48:04'),
(338, 35, 'Pocsi', '2025-05-20 20:48:04'),
(339, 35, 'Polobaya', '2025-05-20 20:48:04'),
(340, 35, 'Quequeña', '2025-05-20 20:48:04'),
(341, 35, 'Sabandía', '2025-05-20 20:48:04'),
(342, 35, 'Sachaca', '2025-05-20 20:48:04'),
(343, 35, 'San Juan de Siguas', '2025-05-20 20:48:04'),
(344, 35, 'San Juan de Tarucani', '2025-05-20 20:48:04'),
(345, 35, 'Santa Isabel de Siguas', '2025-05-20 20:48:04'),
(346, 35, 'Santa Rita de Siguas', '2025-05-20 20:48:04'),
(347, 35, 'Socabaya', '2025-05-20 20:48:04'),
(348, 35, 'Tiabaya', '2025-05-20 20:48:04'),
(349, 35, 'Uchumayo', '2025-05-20 20:48:04'),
(350, 35, 'Vitor', '2025-05-20 20:48:04'),
(351, 35, 'Yanahuara', '2025-05-20 20:48:04'),
(352, 35, 'Yarabamba', '2025-05-20 20:48:04'),
(353, 35, 'Yura', '2025-05-20 20:48:04'),
(354, 36, 'Camaná', '2025-05-20 20:48:04'),
(355, 36, 'José María Quimper', '2025-05-20 20:48:04'),
(356, 36, 'Mariano Nicolás Valcárcel', '2025-05-20 20:48:04'),
(357, 36, 'Mariscal Cáceres', '2025-05-20 20:48:04'),
(358, 36, 'Nicolás de Piérola', '2025-05-20 20:48:04'),
(359, 36, 'Ocoña', '2025-05-20 20:48:04'),
(360, 36, 'Quilca', '2025-05-20 20:48:04'),
(361, 36, 'Samuel Pastor', '2025-05-20 20:48:04'),
(362, 37, 'Caravelí', '2025-05-20 20:48:04'),
(363, 37, 'Acarí', '2025-05-20 20:48:04'),
(364, 37, 'Atico', '2025-05-20 20:48:04'),
(365, 37, 'Atiquipa', '2025-05-20 20:48:04'),
(366, 37, 'Bella Unión', '2025-05-20 20:48:04'),
(367, 37, 'Cahuacho', '2025-05-20 20:48:04'),
(368, 37, 'Chala', '2025-05-20 20:48:04'),
(369, 37, 'Chaparra', '2025-05-20 20:48:04'),
(370, 37, 'Huanuhuanu', '2025-05-20 20:48:04'),
(371, 37, 'Jaqui', '2025-05-20 20:48:04'),
(372, 37, 'Lomas', '2025-05-20 20:48:04'),
(373, 37, 'Quicacha', '2025-05-20 20:48:04'),
(374, 37, 'Yauca', '2025-05-20 20:48:04'),
(375, 38, 'Aplao', '2025-05-20 20:48:04'),
(376, 38, 'Andagua', '2025-05-20 20:48:04'),
(377, 38, 'Ayo', '2025-05-20 20:48:04'),
(378, 38, 'Chachas', '2025-05-20 20:48:04'),
(379, 38, 'Chilcaymarca', '2025-05-20 20:48:04'),
(380, 38, 'Choco', '2025-05-20 20:48:04'),
(381, 38, 'Huancarqui', '2025-05-20 20:48:04'),
(382, 38, 'Machaguay', '2025-05-20 20:48:04'),
(383, 38, 'Orcopampa', '2025-05-20 20:48:04'),
(384, 38, 'Pampacolca', '2025-05-20 20:48:04'),
(385, 38, 'Tipan', '2025-05-20 20:48:04'),
(386, 38, 'Uñon', '2025-05-20 20:48:04'),
(387, 38, 'Uraca', '2025-05-20 20:48:04'),
(388, 38, 'Viraco', '2025-05-20 20:48:04'),
(389, 39, 'Chivay', '2025-05-20 20:48:04'),
(390, 39, 'Achoma', '2025-05-20 20:48:04'),
(391, 39, 'Cabanaconde', '2025-05-20 20:48:04'),
(392, 39, 'Callalli', '2025-05-20 20:48:04'),
(393, 39, 'Caylloma', '2025-05-20 20:48:04'),
(394, 39, 'Coporaque', '2025-05-20 20:48:04'),
(395, 39, 'Huambo', '2025-05-20 20:48:04'),
(396, 39, 'Huanca', '2025-05-20 20:48:04'),
(397, 39, 'Ichupampa', '2025-05-20 20:48:04'),
(398, 39, 'Lari', '2025-05-20 20:48:04'),
(399, 39, 'Lluta', '2025-05-20 20:48:04'),
(400, 39, 'Maca', '2025-05-20 20:48:04'),
(401, 39, 'Madrigal', '2025-05-20 20:48:04'),
(402, 39, 'San Antonio de Chuca', '2025-05-20 20:48:04'),
(403, 39, 'Sibayo', '2025-05-20 20:48:04'),
(404, 39, 'Tapay', '2025-05-20 20:48:04'),
(405, 39, 'Tisco', '2025-05-20 20:48:04'),
(406, 39, 'Tuti', '2025-05-20 20:48:04'),
(407, 39, 'Yanque', '2025-05-20 20:48:04'),
(408, 40, 'Chuquibamba', '2025-05-20 20:48:04'),
(409, 40, 'Andaray', '2025-05-20 20:48:04'),
(410, 40, 'Cayarani', '2025-05-20 20:48:04'),
(411, 40, 'Chichas', '2025-05-20 20:48:04'),
(412, 40, 'Iray', '2025-05-20 20:48:04'),
(413, 40, 'Río Grande', '2025-05-20 20:48:04'),
(414, 40, 'Salamanca', '2025-05-20 20:48:04'),
(415, 40, 'Yanaquihua', '2025-05-20 20:48:04'),
(416, 41, 'Mollendo', '2025-05-20 20:48:04'),
(417, 41, 'Cocachacra', '2025-05-20 20:48:04'),
(418, 41, 'Dean Valdivia', '2025-05-20 20:48:04'),
(419, 41, 'Islay', '2025-05-20 20:48:04'),
(420, 41, 'Mejía', '2025-05-20 20:48:04'),
(421, 41, 'Punta de Bombón', '2025-05-20 20:48:04'),
(422, 42, 'Cotahuasi', '2025-05-20 20:48:04'),
(423, 42, 'Alca', '2025-05-20 20:48:04'),
(424, 42, 'Charcana', '2025-05-20 20:48:04'),
(425, 42, 'Huaynacotas', '2025-05-20 20:48:04'),
(426, 42, 'Pampamarca', '2025-05-20 20:48:04'),
(427, 42, 'Puyca', '2025-05-20 20:48:04'),
(428, 42, 'Quechualla', '2025-05-20 20:48:04'),
(429, 42, 'Sayla', '2025-05-20 20:48:04'),
(430, 42, 'Tauria', '2025-05-20 20:48:04'),
(431, 42, 'Tomepampa', '2025-05-20 20:48:04'),
(432, 42, 'Toro', '2025-05-20 20:48:04'),
(433, 43, 'Huamanga', '2025-05-20 20:48:04'),
(434, 43, 'Acos Vinchos', '2025-05-20 20:48:04'),
(435, 43, 'Carmen Alto', '2025-05-20 20:48:04'),
(436, 43, 'Chiara', '2025-05-20 20:48:04'),
(437, 43, 'Ocros', '2025-05-20 20:48:04'),
(438, 43, 'Pacaycasa', '2025-05-20 20:48:04'),
(439, 43, 'Quinua', '2025-05-20 20:48:04'),
(440, 43, 'San José de Ticllas', '2025-05-20 20:48:04'),
(441, 43, 'San Juan Bautista', '2025-05-20 20:48:04'),
(442, 43, 'Santiago de Pischa', '2025-05-20 20:48:04'),
(443, 43, 'Socos', '2025-05-20 20:48:04'),
(444, 43, 'Tambillo', '2025-05-20 20:48:04'),
(445, 43, 'Vinchos', '2025-05-20 20:48:04'),
(446, 43, 'Jesús Nazareno', '2025-05-20 20:48:04'),
(447, 43, 'Andrés Avelino Cáceres Dorregaray', '2025-05-20 20:48:04'),
(448, 44, 'Cangallo', '2025-05-20 20:48:04'),
(449, 44, 'Chuschi', '2025-05-20 20:48:04'),
(450, 44, 'Los Morochucos', '2025-05-20 20:48:04'),
(451, 44, 'María Parado de Bellido', '2025-05-20 20:48:04'),
(452, 44, 'Paras', '2025-05-20 20:48:04'),
(453, 44, 'Totos', '2025-05-20 20:48:04'),
(454, 45, 'Sancos', '2025-05-20 20:48:04'),
(455, 45, 'Carapo', '2025-05-20 20:48:04'),
(456, 45, 'Sacsamarca', '2025-05-20 20:48:04'),
(457, 45, 'Santiago de Lucanamarca', '2025-05-20 20:48:04'),
(458, 46, 'Huanta', '2025-05-20 20:48:04'),
(459, 46, 'Ayahuanco', '2025-05-20 20:48:04'),
(460, 46, 'Huamanguilla', '2025-05-20 20:48:04'),
(461, 46, 'Iguain', '2025-05-20 20:48:04'),
(462, 46, 'Luricocha', '2025-05-20 20:48:04'),
(463, 46, 'Santillana', '2025-05-20 20:48:04'),
(464, 46, 'Sivia', '2025-05-20 20:48:04'),
(465, 46, 'Llochegua', '2025-05-20 20:48:04'),
(466, 47, 'San Miguel', '2025-05-20 20:48:04'),
(467, 47, 'Anco', '2025-05-20 20:48:04'),
(468, 47, 'Ayna', '2025-05-20 20:48:04'),
(469, 47, 'Chilcas', '2025-05-20 20:48:04'),
(470, 47, 'Chungui', '2025-05-20 20:48:04'),
(471, 47, 'Luis Carranza', '2025-05-20 20:48:04'),
(472, 47, 'Santa Rosa', '2025-05-20 20:48:04'),
(473, 47, 'Tambo', '2025-05-20 20:48:04'),
(474, 48, 'Puquio', '2025-05-20 20:48:04'),
(475, 48, 'Aucara', '2025-05-20 20:48:04'),
(476, 48, 'Cabana', '2025-05-20 20:48:04'),
(477, 48, 'Carmen Salcedo', '2025-05-20 20:48:04'),
(478, 48, 'Chaviña', '2025-05-20 20:48:04'),
(479, 48, 'Chipao', '2025-05-20 20:48:04'),
(480, 48, 'Huac-Huas', '2025-05-20 20:48:04'),
(481, 48, 'Laramate', '2025-05-20 20:48:04'),
(482, 48, 'Leoncio Prado', '2025-05-20 20:48:04'),
(483, 48, 'Llauta', '2025-05-20 20:48:04'),
(484, 48, 'Ocaña', '2025-05-20 20:48:04'),
(485, 48, 'Otoca', '2025-05-20 20:48:04'),
(486, 48, 'Saisa', '2025-05-20 20:48:04'),
(487, 48, 'San Cristóbal', '2025-05-20 20:48:04'),
(488, 48, 'San Juan', '2025-05-20 20:48:04'),
(489, 48, 'San Pedro', '2025-05-20 20:48:04'),
(490, 48, 'San Pedro de Palco', '2025-05-20 20:48:04'),
(491, 48, 'Sancos', '2025-05-20 20:48:04'),
(492, 48, 'Santa Ana de Huaycahuacho', '2025-05-20 20:48:04'),
(493, 48, 'Santa Lucía', '2025-05-20 20:48:04'),
(494, 49, 'Coracora', '2025-05-20 20:48:04'),
(495, 49, 'Chumpi', '2025-05-20 20:48:04'),
(496, 49, 'Coronel Castañeda', '2025-05-20 20:48:04'),
(497, 49, 'Pacapausa', '2025-05-20 20:48:04'),
(498, 49, 'Pullo', '2025-05-20 20:48:04'),
(499, 49, 'Puyusca', '2025-05-20 20:48:04'),
(500, 49, 'San Francisco de Ravacayco', '2025-05-20 20:48:04'),
(501, 49, 'Upahuacho', '2025-05-20 20:48:04'),
(502, 50, 'Pausa', '2025-05-20 20:48:04'),
(503, 50, 'Colta', '2025-05-20 20:48:04'),
(504, 50, 'Corculla', '2025-05-20 20:48:04'),
(505, 50, 'Lampa', '2025-05-20 20:48:04'),
(506, 50, 'Marcabamba', '2025-05-20 20:48:04'),
(507, 50, 'Oyolo', '2025-05-20 20:48:04'),
(508, 50, 'Pararca', '2025-05-20 20:48:04'),
(509, 50, 'San Javier de Alpabamba', '2025-05-20 20:48:04'),
(510, 50, 'San José de Ushua', '2025-05-20 20:48:04'),
(511, 50, 'Sara Sara', '2025-05-20 20:48:04'),
(512, 51, 'Querobamba', '2025-05-20 20:48:04'),
(513, 51, 'Belen', '2025-05-20 20:48:04'),
(514, 51, 'Chalcos', '2025-05-20 20:48:04'),
(515, 51, 'Chilcayoc', '2025-05-20 20:48:04'),
(516, 51, 'Huacaña', '2025-05-20 20:48:04'),
(517, 51, 'Morcolla', '2025-05-20 20:48:04'),
(518, 51, 'Paico', '2025-05-20 20:48:04'),
(519, 51, 'San Pedro de Larcay', '2025-05-20 20:48:04'),
(520, 51, 'San Salvador de Quije', '2025-05-20 20:48:04'),
(521, 51, 'Santiago de Paucaray', '2025-05-20 20:48:04'),
(522, 51, 'Soras', '2025-05-20 20:48:04'),
(523, 52, 'Huancapi', '2025-05-20 20:48:04'),
(524, 52, 'Alcamenca', '2025-05-20 20:48:04'),
(525, 52, 'Apongo', '2025-05-20 20:48:04'),
(526, 52, 'Asquipata', '2025-05-20 20:48:04'),
(527, 52, 'Canaria', '2025-05-20 20:48:04'),
(528, 52, 'Cayara', '2025-05-20 20:48:04'),
(529, 52, 'Colca', '2025-05-20 20:48:04'),
(530, 52, 'Huamanquiquia', '2025-05-20 20:48:04'),
(531, 52, 'Huancaraylla', '2025-05-20 20:48:04'),
(532, 52, 'Hualla', '2025-05-20 20:48:04'),
(533, 52, 'Sarhua', '2025-05-20 20:48:04'),
(534, 52, 'Vilcanchos', '2025-05-20 20:48:04'),
(535, 53, 'Vilcas Huamán', '2025-05-20 20:48:04'),
(536, 53, 'Accomarca', '2025-05-20 20:48:04'),
(537, 53, 'Carhuanca', '2025-05-20 20:48:04'),
(538, 53, 'Concepción', '2025-05-20 20:48:04'),
(539, 53, 'Huambalpa', '2025-05-20 20:48:04'),
(540, 53, 'Independencia', '2025-05-20 20:48:04'),
(541, 53, 'Saurama', '2025-05-20 20:48:04'),
(542, 53, 'Vischongo', '2025-05-20 20:48:04'),
(543, 54, 'Cajamarca', '2025-05-20 20:48:04'),
(544, 54, 'Asunción', '2025-05-20 20:48:04'),
(545, 54, 'Chetilla', '2025-05-20 20:48:04'),
(546, 54, 'Cospan', '2025-05-20 20:48:04'),
(547, 54, 'Encañada', '2025-05-20 20:48:04'),
(548, 54, 'Jesús', '2025-05-20 20:48:04'),
(549, 54, 'Llacanora', '2025-05-20 20:48:04'),
(550, 54, 'Los Baños del Inca', '2025-05-20 20:48:04'),
(551, 54, 'Magdalena', '2025-05-20 20:48:04'),
(552, 54, 'Matara', '2025-05-20 20:48:04'),
(553, 54, 'Namora', '2025-05-20 20:48:04'),
(554, 54, 'San Juan', '2025-05-20 20:48:04'),
(555, 54, 'San Pablo', '2025-05-20 20:48:04'),
(556, 55, 'Cajabamba', '2025-05-20 20:48:04'),
(557, 55, 'Cachachi', '2025-05-20 20:48:04'),
(558, 55, 'Condebamba', '2025-05-20 20:48:04'),
(559, 55, 'Sitacocha', '2025-05-20 20:48:04'),
(560, 56, 'Celendín', '2025-05-20 20:48:04'),
(561, 56, 'Chumuch', '2025-05-20 20:48:04'),
(562, 56, 'Cortegana', '2025-05-20 20:48:04'),
(563, 56, 'Huasmin', '2025-05-20 20:48:04'),
(564, 56, 'Jorge Chávez', '2025-05-20 20:48:04'),
(565, 56, 'José Gálvez', '2025-05-20 20:48:04'),
(566, 56, 'Miguel Iglesias', '2025-05-20 20:48:04'),
(567, 56, 'Oxamarca', '2025-05-20 20:48:04'),
(568, 56, 'Sorochuco', '2025-05-20 20:48:04'),
(569, 56, 'Sucre', '2025-05-20 20:48:04'),
(570, 56, 'Utco', '2025-05-20 20:48:04'),
(571, 57, 'Chota', '2025-05-20 20:48:04'),
(572, 57, 'Anguia', '2025-05-20 20:48:04'),
(573, 57, 'Chadin', '2025-05-20 20:48:04'),
(574, 57, 'Chiguirip', '2025-05-20 20:48:04'),
(575, 57, 'Chimban', '2025-05-20 20:48:04'),
(576, 57, 'Choropampa', '2025-05-20 20:48:04'),
(577, 57, 'Cochabamba', '2025-05-20 20:48:04'),
(578, 57, 'Conchan', '2025-05-20 20:48:04'),
(579, 57, 'Huambos', '2025-05-20 20:48:04'),
(580, 57, 'Lajas', '2025-05-20 20:48:04'),
(581, 57, 'Llama', '2025-05-20 20:48:04'),
(582, 57, 'Miracosta', '2025-05-20 20:48:04'),
(583, 57, 'Paccha', '2025-05-20 20:48:04'),
(584, 57, 'Pion', '2025-05-20 20:48:04'),
(585, 57, 'Querocoto', '2025-05-20 20:48:04'),
(586, 57, 'San Juan de Licupis', '2025-05-20 20:48:04'),
(587, 57, 'Tacabamba', '2025-05-20 20:48:04'),
(588, 57, 'Tocmoche', '2025-05-20 20:48:04'),
(589, 58, 'Contumazá', '2025-05-20 20:48:04'),
(590, 58, 'Chilete', '2025-05-20 20:48:04'),
(591, 58, 'Cupisnique', '2025-05-20 20:48:04'),
(592, 58, 'Guzmango', '2025-05-20 20:48:04'),
(593, 58, 'San Benito', '2025-05-20 20:48:04'),
(594, 58, 'Santa Cruz de Toledo', '2025-05-20 20:48:04'),
(595, 58, 'Tantarica', '2025-05-20 20:48:04'),
(596, 58, 'Yonan', '2025-05-20 20:48:04'),
(597, 59, 'Cutervo', '2025-05-20 20:48:04'),
(598, 59, 'Callayuc', '2025-05-20 20:48:04'),
(599, 59, 'Choros', '2025-05-20 20:48:04'),
(600, 59, 'Cujillo', '2025-05-20 20:48:04'),
(601, 59, 'La Ramada', '2025-05-20 20:48:04'),
(602, 59, 'Pimpingos', '2025-05-20 20:48:04'),
(603, 59, 'Querocotillo', '2025-05-20 20:48:04'),
(604, 59, 'San Andrés de Cutervo', '2025-05-20 20:48:04'),
(605, 59, 'San Juan de Cutervo', '2025-05-20 20:48:04'),
(606, 59, 'San Luis de Lucma', '2025-05-20 20:48:04'),
(607, 59, 'Santa Cruz', '2025-05-20 20:48:04'),
(608, 59, 'Santo Domingo de la Capilla', '2025-05-20 20:48:04'),
(609, 59, 'Santo Tomás', '2025-05-20 20:48:04'),
(610, 59, 'Socota', '2025-05-20 20:48:04'),
(611, 59, 'Toribio Casanova', '2025-05-20 20:48:04'),
(612, 60, 'Bambamarca', '2025-05-20 20:48:04'),
(613, 60, 'Chugur', '2025-05-20 20:48:04'),
(614, 60, 'Hualgayoc', '2025-05-20 20:48:04'),
(615, 61, 'Jaén', '2025-05-20 20:48:04'),
(616, 61, 'Bellavista', '2025-05-20 20:48:04'),
(617, 61, 'Chontali', '2025-05-20 20:48:04'),
(618, 61, 'Colasay', '2025-05-20 20:48:04'),
(619, 61, 'Huabal', '2025-05-20 20:48:04'),
(620, 61, 'Las Pirias', '2025-05-20 20:48:04'),
(621, 61, 'Pomahuaca', '2025-05-20 20:48:04'),
(622, 61, 'Pucara', '2025-05-20 20:48:04'),
(623, 61, 'Sallique', '2025-05-20 20:48:04'),
(624, 61, 'San Felipe', '2025-05-20 20:48:04'),
(625, 61, 'San José del Alto', '2025-05-20 20:48:04'),
(626, 61, 'Santa Rosa', '2025-05-20 20:48:04'),
(627, 62, 'San Ignacio', '2025-05-20 20:48:04'),
(628, 62, 'Chirinos', '2025-05-20 20:48:04'),
(629, 62, 'Huarango', '2025-05-20 20:48:04'),
(630, 62, 'La Coipa', '2025-05-20 20:48:04'),
(631, 62, 'Namballe', '2025-05-20 20:48:04'),
(632, 62, 'San José de Lourdes', '2025-05-20 20:48:04'),
(633, 62, 'Tabaconas', '2025-05-20 20:48:04'),
(634, 63, 'San Marcos', '2025-05-20 20:48:04'),
(635, 63, 'Chancay', '2025-05-20 20:48:04'),
(636, 63, 'Eduardo Villanueva', '2025-05-20 20:48:04'),
(637, 63, 'Gregorio Pita', '2025-05-20 20:48:04'),
(638, 63, 'Ichocan', '2025-05-20 20:48:04'),
(639, 63, 'José Manuel Quiroz', '2025-05-20 20:48:04'),
(640, 63, 'José Sabogal', '2025-05-20 20:48:04'),
(641, 63, 'Pedro Gálvez', '2025-05-20 20:48:04'),
(642, 64, 'San Miguel', '2025-05-20 20:48:04'),
(643, 64, 'Bolívar', '2025-05-20 20:48:04'),
(644, 64, 'Calquis', '2025-05-20 20:48:04'),
(645, 64, 'Catilluc', '2025-05-20 20:48:04'),
(646, 64, 'El Prado', '2025-05-20 20:48:04'),
(647, 64, 'La Florida', '2025-05-20 20:48:04'),
(648, 64, 'Llapa', '2025-05-20 20:48:04'),
(649, 64, 'Nanchoc', '2025-05-20 20:48:04'),
(650, 64, 'Niepos', '2025-05-20 20:48:04'),
(651, 64, 'San Gregorio', '2025-05-20 20:48:04'),
(652, 64, 'San Silvestre de Cochan', '2025-05-20 20:48:04'),
(653, 64, 'Tongod', '2025-05-20 20:48:04'),
(654, 64, 'Unión Agua Blanca', '2025-05-20 20:48:04'),
(655, 65, 'San Pablo', '2025-05-20 20:48:04'),
(656, 65, 'San Bernardino', '2025-05-20 20:48:04'),
(657, 65, 'San Luis', '2025-05-20 20:48:04'),
(658, 65, 'Tumbaden', '2025-05-20 20:48:04'),
(659, 67, 'Callao', '2025-05-20 20:48:04'),
(660, 67, 'Bellavista', '2025-05-20 20:48:04'),
(661, 67, 'Carmen de la Legua Reynoso', '2025-05-20 20:48:04'),
(662, 67, 'La Perla', '2025-05-20 20:48:04'),
(663, 67, 'La Punta', '2025-05-20 20:48:04'),
(664, 67, 'Ventanilla', '2025-05-20 20:48:04'),
(665, 67, 'Mi Perú', '2025-05-20 20:48:04'),
(666, 68, 'Cusco', '2025-05-20 20:51:29'),
(667, 68, 'Ccorca', '2025-05-20 20:51:29'),
(668, 68, 'Poroy', '2025-05-20 20:51:29'),
(669, 68, 'San Jerónimo', '2025-05-20 20:51:29'),
(670, 68, 'San Sebastián', '2025-05-20 20:51:29'),
(671, 68, 'Santiago', '2025-05-20 20:51:29'),
(672, 68, 'Saylla', '2025-05-20 20:51:29'),
(673, 68, 'Wanchaq', '2025-05-20 20:51:29'),
(674, 69, 'Acomayo', '2025-05-20 20:51:29'),
(675, 69, 'Acopia', '2025-05-20 20:51:29'),
(676, 69, 'Acos', '2025-05-20 20:51:29'),
(677, 69, 'Mosoc Llacta', '2025-05-20 20:51:29'),
(678, 69, 'Pomacanchi', '2025-05-20 20:51:29'),
(679, 69, 'Rondocan', '2025-05-20 20:51:29'),
(680, 69, 'Sangarara', '2025-05-20 20:51:29'),
(681, 70, 'Anta', '2025-05-20 20:51:29'),
(682, 70, 'Ancahuasi', '2025-05-20 20:51:29'),
(683, 70, 'Cachimayo', '2025-05-20 20:51:29'),
(684, 70, 'Chinchaypujio', '2025-05-20 20:51:29'),
(685, 70, 'Huarocondo', '2025-05-20 20:51:29'),
(686, 70, 'Limatambo', '2025-05-20 20:51:29'),
(687, 70, 'Mollepata', '2025-05-20 20:51:29'),
(688, 70, 'Pucyura', '2025-05-20 20:51:29'),
(689, 70, 'Zurite', '2025-05-20 20:51:29'),
(690, 71, 'Calca', '2025-05-20 20:51:29'),
(691, 71, 'Coya', '2025-05-20 20:51:29'),
(692, 71, 'Lamay', '2025-05-20 20:51:29'),
(693, 71, 'Lares', '2025-05-20 20:51:29'),
(694, 71, 'Pisac', '2025-05-20 20:51:29'),
(695, 71, 'San Salvador', '2025-05-20 20:51:29'),
(696, 71, 'Taray', '2025-05-20 20:51:29'),
(697, 71, 'Yanatile', '2025-05-20 20:51:29'),
(698, 72, 'Yanaoca', '2025-05-20 20:51:29'),
(699, 72, 'Checca', '2025-05-20 20:51:29'),
(700, 72, 'Kunturkanki', '2025-05-20 20:51:29'),
(701, 72, 'Langui', '2025-05-20 20:51:29'),
(702, 72, 'Layo', '2025-05-20 20:51:29'),
(703, 72, 'Pampamarca', '2025-05-20 20:51:29'),
(704, 72, 'Quehue', '2025-05-20 20:51:29'),
(705, 72, 'Tupac Amaru', '2025-05-20 20:51:29'),
(706, 73, 'Sicuani', '2025-05-20 20:51:29'),
(707, 73, 'Checacupe', '2025-05-20 20:51:29'),
(708, 73, 'Combapata', '2025-05-20 20:51:29'),
(709, 73, 'Marangani', '2025-05-20 20:51:29'),
(710, 73, 'Pitumarca', '2025-05-20 20:51:29'),
(711, 73, 'San Pablo', '2025-05-20 20:51:29'),
(712, 73, 'San Pedro', '2025-05-20 20:51:29'),
(713, 73, 'Tinta', '2025-05-20 20:51:29'),
(714, 74, 'Santo Tomás', '2025-05-20 20:51:29'),
(715, 74, 'Capacmarca', '2025-05-20 20:51:29'),
(716, 74, 'Chamaca', '2025-05-20 20:51:29'),
(717, 74, 'Colquemarca', '2025-05-20 20:51:29'),
(718, 74, 'Livitaca', '2025-05-20 20:51:29'),
(719, 74, 'Llusco', '2025-05-20 20:51:29'),
(720, 74, 'Quiñota', '2025-05-20 20:51:29'),
(721, 74, 'Velille', '2025-05-20 20:51:29'),
(722, 75, 'Espinar', '2025-05-20 20:51:29'),
(723, 75, 'Condoroma', '2025-05-20 20:51:29'),
(724, 75, 'Coporaque', '2025-05-20 20:51:29'),
(725, 75, 'Ocoruro', '2025-05-20 20:51:29'),
(726, 75, 'Pallpata', '2025-05-20 20:51:29'),
(727, 75, 'Pichigua', '2025-05-20 20:51:29'),
(728, 75, 'Suyckutambo', '2025-05-20 20:51:29'),
(729, 75, 'Alto Pichigua', '2025-05-20 20:51:29'),
(730, 76, 'Santa Ana', '2025-05-20 20:51:29'),
(731, 76, 'Echarate', '2025-05-20 20:51:29'),
(732, 76, 'Huayopata', '2025-05-20 20:51:29'),
(733, 76, 'Maranura', '2025-05-20 20:51:29'),
(734, 76, 'Ocobamba', '2025-05-20 20:51:29'),
(735, 76, 'Quellouno', '2025-05-20 20:51:29'),
(736, 76, 'Kimbiri', '2025-05-20 20:51:29'),
(737, 76, 'Santa Teresa', '2025-05-20 20:51:29'),
(738, 76, 'Vilcabamba', '2025-05-20 20:51:29'),
(739, 76, 'Pichari', '2025-05-20 20:51:29'),
(740, 76, 'Inkawasi', '2025-05-20 20:51:29'),
(741, 77, 'Paruro', '2025-05-20 20:51:29'),
(742, 77, 'Accha', '2025-05-20 20:51:29'),
(743, 77, 'Ccapi', '2025-05-20 20:51:29'),
(744, 77, 'Colcha', '2025-05-20 20:51:29'),
(745, 77, 'Huanoquite', '2025-05-20 20:51:29'),
(746, 77, 'Omacha', '2025-05-20 20:51:29'),
(747, 77, 'Paccaritambo', '2025-05-20 20:51:29'),
(748, 77, 'Pillpinto', '2025-05-20 20:51:29'),
(749, 77, 'Yaurisque', '2025-05-20 20:51:29'),
(750, 78, 'Paucartambo', '2025-05-20 20:51:29'),
(751, 78, 'Caicay', '2025-05-20 20:51:29'),
(752, 78, 'Challabamba', '2025-05-20 20:51:29'),
(753, 78, 'Colquepata', '2025-05-20 20:51:29'),
(754, 78, 'Huancarani', '2025-05-20 20:51:29'),
(755, 78, 'Kosñipata', '2025-05-20 20:51:29'),
(756, 79, 'Urcos', '2025-05-20 20:51:29'),
(757, 79, 'Andahuaylillas', '2025-05-20 20:51:29'),
(758, 79, 'Camanti', '2025-05-20 20:51:29'),
(759, 79, 'Ccarhuayo', '2025-05-20 20:51:29'),
(760, 79, 'Ccatca', '2025-05-20 20:51:29'),
(761, 79, 'Cusipata', '2025-05-20 20:51:29'),
(762, 79, 'Huaro', '2025-05-20 20:51:29'),
(763, 79, 'Lucre', '2025-05-20 20:51:29'),
(764, 79, 'Marcapata', '2025-05-20 20:51:29'),
(765, 79, 'Ocongate', '2025-05-20 20:51:29'),
(766, 79, 'Oropesa', '2025-05-20 20:51:29'),
(767, 79, 'Quiquijana', '2025-05-20 20:51:29'),
(768, 80, 'Urubamba', '2025-05-20 20:51:29'),
(769, 80, 'Chinchero', '2025-05-20 20:51:29'),
(770, 80, 'Huayllabamba', '2025-05-20 20:51:29'),
(771, 80, 'Machupicchu', '2025-05-20 20:51:29'),
(772, 80, 'Maras', '2025-05-20 20:51:29'),
(773, 80, 'Ollantaytambo', '2025-05-20 20:51:29'),
(774, 80, 'Yucay', '2025-05-20 20:51:29'),
(775, 81, 'Huancavelica', '2025-05-20 20:51:29'),
(776, 81, 'Acobambilla', '2025-05-20 20:51:29'),
(777, 81, 'Acoria', '2025-05-20 20:51:29'),
(778, 81, 'Conayca', '2025-05-20 20:51:29'),
(779, 81, 'Cuenca', '2025-05-20 20:51:29'),
(780, 81, 'Huachocolpa', '2025-05-20 20:51:29'),
(781, 81, 'Huayllahuara', '2025-05-20 20:51:29'),
(782, 81, 'Izcuchaca', '2025-05-20 20:51:29'),
(783, 81, 'Laria', '2025-05-20 20:51:29'),
(784, 81, 'Manta', '2025-05-20 20:51:29'),
(785, 81, 'Mariscal Cáceres', '2025-05-20 20:51:29'),
(786, 81, 'Moya', '2025-05-20 20:51:29'),
(787, 81, 'Nuevo Occoro', '2025-05-20 20:51:29'),
(788, 81, 'Palca', '2025-05-20 20:51:29'),
(789, 81, 'Pilchaca', '2025-05-20 20:51:29'),
(790, 81, 'Vilca', '2025-05-20 20:51:29'),
(791, 81, 'Yauli', '2025-05-20 20:51:29'),
(792, 81, 'Ascensión', '2025-05-20 20:51:29'),
(793, 81, 'Huando', '2025-05-20 20:51:29'),
(794, 82, 'Acobamba', '2025-05-20 20:51:29'),
(795, 82, 'Andabamba', '2025-05-20 20:51:29'),
(796, 82, 'Anta', '2025-05-20 20:51:29'),
(797, 82, 'Caja', '2025-05-20 20:51:29'),
(798, 82, 'Marcas', '2025-05-20 20:51:29'),
(799, 82, 'Paucara', '2025-05-20 20:51:29'),
(800, 82, 'Pomacocha', '2025-05-20 20:51:29'),
(801, 82, 'Rosario', '2025-05-20 20:51:29'),
(802, 83, 'Lircay', '2025-05-20 20:51:29'),
(803, 83, 'Anchonga', '2025-05-20 20:51:29'),
(804, 83, 'Callanmarca', '2025-05-20 20:51:29'),
(805, 83, 'Ccochaccasa', '2025-05-20 20:51:29'),
(806, 83, 'Chincho', '2025-05-20 20:51:29'),
(807, 83, 'Congalla', '2025-05-20 20:51:29'),
(808, 83, 'Huanca-Huanca', '2025-05-20 20:51:29'),
(809, 83, 'Huayllay Grande', '2025-05-20 20:51:29'),
(810, 83, 'Julcamarca', '2025-05-20 20:51:29'),
(811, 83, 'San Antonio de Antaparco', '2025-05-20 20:51:29'),
(812, 83, 'Santo Tomas de Pata', '2025-05-20 20:51:29'),
(813, 83, 'Secclla', '2025-05-20 20:51:29'),
(814, 84, 'Castrovirreyna', '2025-05-20 20:51:29'),
(815, 84, 'Arma', '2025-05-20 20:51:29'),
(816, 84, 'Aurahua', '2025-05-20 20:51:29'),
(817, 84, 'Capillas', '2025-05-20 20:51:29'),
(818, 84, 'Chupamarca', '2025-05-20 20:51:29'),
(819, 84, 'Cocas', '2025-05-20 20:51:29'),
(820, 84, 'Huachos', '2025-05-20 20:51:29'),
(821, 84, 'Huamatambo', '2025-05-20 20:51:29'),
(822, 84, 'Mollepampa', '2025-05-20 20:51:29'),
(823, 84, 'San Juan', '2025-05-20 20:51:29'),
(824, 84, 'Santa Ana', '2025-05-20 20:51:29'),
(825, 84, 'Tantara', '2025-05-20 20:51:29'),
(826, 84, 'Ticrapo', '2025-05-20 20:51:29'),
(827, 85, 'Churcampa', '2025-05-20 20:51:29'),
(828, 85, 'Anco', '2025-05-20 20:51:29'),
(829, 85, 'Chinchihuasi', '2025-05-20 20:51:29'),
(830, 85, 'El Carmen', '2025-05-20 20:51:29'),
(831, 85, 'La Merced', '2025-05-20 20:51:29'),
(832, 85, 'Locroja', '2025-05-20 20:51:29'),
(833, 85, 'Paucarbamba', '2025-05-20 20:51:29'),
(834, 85, 'San Miguel de Mayocc', '2025-05-20 20:51:29'),
(835, 85, 'San Pedro de Coris', '2025-05-20 20:51:29'),
(836, 85, 'Pachamarca', '2025-05-20 20:51:29'),
(837, 85, 'Cosme', '2025-05-20 20:51:29'),
(838, 86, 'Huaytará', '2025-05-20 20:51:29'),
(839, 86, 'Ayavi', '2025-05-20 20:51:29'),
(840, 86, 'Córdova', '2025-05-20 20:51:29'),
(841, 86, 'Huayacundo Arma', '2025-05-20 20:51:29'),
(842, 86, 'Laramarca', '2025-05-20 20:51:29'),
(843, 86, 'Ocoyo', '2025-05-20 20:51:29'),
(844, 86, 'Pilpichaca', '2025-05-20 20:51:29'),
(845, 86, 'Querco', '2025-05-20 20:51:29'),
(846, 86, 'Quito-Arma', '2025-05-20 20:51:29'),
(847, 86, 'San Antonio de Cusicancha', '2025-05-20 20:51:29'),
(848, 86, 'San Francisco de Sangayaico', '2025-05-20 20:51:29'),
(849, 86, 'San Isidro', '2025-05-20 20:51:29'),
(850, 86, 'Santiago de Chocorvos', '2025-05-20 20:51:29'),
(851, 86, 'Santiago de Quirahuara', '2025-05-20 20:51:29'),
(852, 86, 'Santo Domingo de Capillas', '2025-05-20 20:51:29'),
(853, 86, 'Tambo', '2025-05-20 20:51:29'),
(854, 87, 'Pampas', '2025-05-20 20:51:29'),
(855, 87, 'Acostambo', '2025-05-20 20:51:29'),
(856, 87, 'Acraquia', '2025-05-20 20:51:29'),
(857, 87, 'Ahuaycha', '2025-05-20 20:51:29'),
(858, 87, 'Colcabamba', '2025-05-20 20:51:29'),
(859, 87, 'Daniel Hernández', '2025-05-20 20:51:29'),
(860, 87, 'Huachocolpa', '2025-05-20 20:51:29'),
(861, 87, 'Huaribamba', '2025-05-20 20:51:29'),
(862, 87, 'Ñahuimpuquio', '2025-05-20 20:51:29'),
(863, 87, 'Pazos', '2025-05-20 20:51:29'),
(864, 87, 'Quishuar', '2025-05-20 20:51:29'),
(865, 87, 'Salcabamba', '2025-05-20 20:51:29'),
(866, 87, 'Salcahuasi', '2025-05-20 20:51:29'),
(867, 87, 'San Marcos de Rocchac', '2025-05-20 20:51:29'),
(868, 87, 'Surcubamba', '2025-05-20 20:51:29'),
(869, 87, 'Tintay Puncu', '2025-05-20 20:51:29'),
(870, 87, 'Yauli', '2025-05-20 20:51:29'),
(871, 87, 'Santiago de Tucuma', '2025-05-20 20:51:29'),
(872, 88, 'Huánuco', '2025-05-20 20:51:29'),
(873, 88, 'Amarilis', '2025-05-20 20:51:29'),
(874, 88, 'Chinchao', '2025-05-20 20:51:29'),
(875, 88, 'Churubamba', '2025-05-20 20:51:29'),
(876, 88, 'Margos', '2025-05-20 20:51:29'),
(877, 88, 'Quisqui', '2025-05-20 20:51:29'),
(878, 88, 'San Francisco de Cayran', '2025-05-20 20:51:29'),
(879, 88, 'San Pedro de Chaulán', '2025-05-20 20:51:29'),
(880, 88, 'Santa María del Valle', '2025-05-20 20:51:29'),
(881, 88, 'Yarumayo', '2025-05-20 20:51:29'),
(882, 88, 'Pillco Marca', '2025-05-20 20:51:29'),
(883, 88, 'Yacus', '2025-05-20 20:51:29'),
(884, 89, 'Ambo', '2025-05-20 20:51:29'),
(885, 89, 'Cayna', '2025-05-20 20:51:29'),
(886, 89, 'Colpas', '2025-05-20 20:51:29'),
(887, 89, 'Conchamarca', '2025-05-20 20:51:29'),
(888, 89, 'Huacar', '2025-05-20 20:51:29'),
(889, 89, 'San Francisco', '2025-05-20 20:51:29'),
(890, 89, 'San Rafael', '2025-05-20 20:51:29'),
(891, 89, 'Tomay Kichwa', '2025-05-20 20:51:29'),
(892, 90, 'La Unión', '2025-05-20 20:51:29'),
(893, 90, 'Chuquis', '2025-05-20 20:51:29'),
(894, 90, 'Marías', '2025-05-20 20:51:29'),
(895, 90, 'Pachas', '2025-05-20 20:51:29'),
(896, 90, 'Quivilla', '2025-05-20 20:51:29'),
(897, 90, 'Ripan', '2025-05-20 20:51:29'),
(898, 90, 'Shunqui', '2025-05-20 20:51:29'),
(899, 90, 'Sillapata', '2025-05-20 20:51:29'),
(900, 90, 'Yanas', '2025-05-20 20:51:29'),
(901, 91, 'Huacaybamba', '2025-05-20 20:51:29'),
(902, 91, 'Canchabamba', '2025-05-20 20:51:29'),
(903, 91, 'Cochabamba', '2025-05-20 20:51:29'),
(904, 91, 'Pinra', '2025-05-20 20:51:29'),
(905, 92, 'Llata', '2025-05-20 20:51:29'),
(906, 92, 'Arancay', '2025-05-20 20:51:29'),
(907, 92, 'Chavín de Pariarca', '2025-05-20 20:51:29'),
(908, 92, 'Jacas Grande', '2025-05-20 20:51:29'),
(909, 92, 'Jircan', '2025-05-20 20:51:29'),
(910, 92, 'Miraflores', '2025-05-20 20:51:29'),
(911, 92, 'Monzón', '2025-05-20 20:51:29'),
(912, 92, 'Punchao', '2025-05-20 20:51:29'),
(913, 92, 'Puños', '2025-05-20 20:51:29'),
(914, 92, 'Singa', '2025-05-20 20:51:29'),
(915, 92, 'Tantamayo', '2025-05-20 20:51:29'),
(916, 93, 'Rupa-Rupa', '2025-05-20 20:51:29'),
(917, 93, 'Daniel Alomía Robles', '2025-05-20 20:51:29'),
(918, 93, 'Hermílio Valdizán', '2025-05-20 20:51:29'),
(919, 93, 'José Crespo y Castillo', '2025-05-20 20:51:29'),
(920, 93, 'Luyando', '2025-05-20 20:51:29'),
(921, 93, 'Mariano Damaso Beraun', '2025-05-20 20:51:29'),
(922, 93, 'Pucayacu', '2025-05-20 20:51:29'),
(923, 93, 'Castillo Grande', '2025-05-20 20:51:29'),
(924, 94, 'Huacrachuco', '2025-05-20 20:51:29'),
(925, 94, 'Cholon', '2025-05-20 20:51:29'),
(926, 94, 'San Buenaventura', '2025-05-20 20:51:29'),
(927, 95, 'Panao', '2025-05-20 20:51:29'),
(928, 95, 'Chaglla', '2025-05-20 20:51:29'),
(929, 95, 'Molino', '2025-05-20 20:51:29'),
(930, 95, 'Umari', '2025-05-20 20:51:29'),
(931, 96, 'Puerto Inca', '2025-05-20 20:51:29'),
(932, 96, 'Codo del Pozuzo', '2025-05-20 20:51:29'),
(933, 96, 'Honoria', '2025-05-20 20:51:29'),
(934, 96, 'Tournavista', '2025-05-20 20:51:29'),
(935, 96, 'Yuyapichis', '2025-05-20 20:51:29'),
(936, 97, 'Jesús', '2025-05-20 20:51:29'),
(937, 97, 'Baños', '2025-05-20 20:51:29'),
(938, 97, 'Jivia', '2025-05-20 20:51:29'),
(939, 97, 'Queropalca', '2025-05-20 20:51:29'),
(940, 97, 'Rondos', '2025-05-20 20:51:29'),
(941, 97, 'San Francisco de Asís', '2025-05-20 20:51:29'),
(942, 97, 'San Miguel de Cauri', '2025-05-20 20:51:29'),
(943, 98, 'Chavinillo', '2025-05-20 20:51:29'),
(944, 98, 'Cahuac', '2025-05-20 20:51:29'),
(945, 98, 'Chacabamba', '2025-05-20 20:51:29'),
(946, 98, 'Aparicio Pomares', '2025-05-20 20:51:29'),
(947, 98, 'Jacas Chico', '2025-05-20 20:51:29'),
(948, 98, 'Obas', '2025-05-20 20:51:29'),
(949, 98, 'Pampamarca', '2025-05-20 20:51:29'),
(950, 98, 'Choras', '2025-05-20 20:51:29'),
(951, 99, 'Ica', '2025-05-20 20:51:29'),
(952, 99, 'La Tinguiña', '2025-05-20 20:51:29'),
(953, 99, 'Los Aquijes', '2025-05-20 20:51:29'),
(954, 99, 'Ocucaje', '2025-05-20 20:51:29'),
(955, 99, 'Pachacutec', '2025-05-20 20:51:29'),
(956, 99, 'Parcona', '2025-05-20 20:51:29'),
(957, 99, 'Pueblo Nuevo', '2025-05-20 20:51:29'),
(958, 99, 'Salas', '2025-05-20 20:51:29'),
(959, 99, 'San José de los Molinos', '2025-05-20 20:51:29'),
(960, 99, 'San Juan Bautista', '2025-05-20 20:51:29'),
(961, 99, 'Santiago', '2025-05-20 20:51:29'),
(962, 99, 'Subtanjalla', '2025-05-20 20:51:29'),
(963, 99, 'Tate', '2025-05-20 20:51:29'),
(964, 99, 'Yauca del Rosario', '2025-05-20 20:51:29'),
(965, 100, 'Chincha Alta', '2025-05-20 20:51:29'),
(966, 100, 'Alto Laran', '2025-05-20 20:51:29'),
(967, 100, 'Chavin', '2025-05-20 20:51:29'),
(968, 100, 'Chincha Baja', '2025-05-20 20:51:29'),
(969, 100, 'El Carmen', '2025-05-20 20:51:29'),
(970, 100, 'Grocio Prado', '2025-05-20 20:51:29'),
(971, 100, 'Pueblo Nuevo', '2025-05-20 20:51:29'),
(972, 100, 'San Juan de Yanac', '2025-05-20 20:51:29'),
(973, 100, 'San Pedro de Huacarpana', '2025-05-20 20:51:29'),
(974, 100, 'Sunampe', '2025-05-20 20:51:29'),
(975, 100, 'Tambo de Mora', '2025-05-20 20:51:29'),
(976, 101, 'Nasca', '2025-05-20 20:51:29'),
(977, 101, 'Changuillo', '2025-05-20 20:51:29'),
(978, 101, 'El Ingenio', '2025-05-20 20:51:29'),
(979, 101, 'Marcona', '2025-05-20 20:51:29'),
(980, 101, 'Vista Alegre', '2025-05-20 20:51:29'),
(981, 102, 'Palpa', '2025-05-20 20:51:29'),
(982, 102, 'Llipata', '2025-05-20 20:51:29'),
(983, 102, 'Río Grande', '2025-05-20 20:51:29'),
(984, 102, 'Santa Cruz', '2025-05-20 20:51:29'),
(985, 102, 'Tibillo', '2025-05-20 20:51:29'),
(986, 103, 'Pisco', '2025-05-20 20:51:29'),
(987, 103, 'Huancano', '2025-05-20 20:51:29'),
(988, 103, 'Humay', '2025-05-20 20:51:29'),
(989, 103, 'Independencia', '2025-05-20 20:51:29'),
(990, 103, 'Paracas', '2025-05-20 20:51:29'),
(991, 103, 'San Andrés', '2025-05-20 20:51:29'),
(992, 103, 'San Clemente', '2025-05-20 20:51:29'),
(993, 103, 'Tupac Amaru Inca', '2025-05-20 20:51:29'),
(994, 104, 'Huancayo', '2025-05-20 20:51:29'),
(995, 104, 'Carhuacallanga', '2025-05-20 20:51:29'),
(996, 104, 'Chacapampa', '2025-05-20 20:51:29'),
(997, 104, 'Chicche', '2025-05-20 20:51:29'),
(998, 104, 'Chilca', '2025-05-20 20:51:29'),
(999, 104, 'Chongos Alto', '2025-05-20 20:51:29'),
(1000, 104, 'Chupuro', '2025-05-20 20:51:29'),
(1001, 104, 'Colca', '2025-05-20 20:51:29'),
(1002, 104, 'Cullhuas', '2025-05-20 20:51:29'),
(1003, 104, 'El Tambo', '2025-05-20 20:51:29'),
(1004, 104, 'Huacrapuquio', '2025-05-20 20:51:29'),
(1005, 104, 'Hualhuas', '2025-05-20 20:51:29'),
(1006, 104, 'Huancan', '2025-05-20 20:51:29'),
(1007, 104, 'Huasicancha', '2025-05-20 20:51:29'),
(1008, 104, 'Huayucachi', '2025-05-20 20:51:29'),
(1009, 104, 'Ingenio', '2025-05-20 20:51:29'),
(1010, 104, 'Pariahuanca', '2025-05-20 20:51:29'),
(1011, 104, 'Pilcomayo', '2025-05-20 20:51:29'),
(1012, 104, 'Pucara', '2025-05-20 20:51:29'),
(1013, 104, 'Quichuay', '2025-05-20 20:51:29'),
(1014, 104, 'Quilcas', '2025-05-20 20:51:29'),
(1015, 104, 'San Agustín', '2025-05-20 20:51:29'),
(1016, 104, 'San Jerónimo de Tunán', '2025-05-20 20:51:29'),
(1017, 104, 'San Pedro de Saño', '2025-05-20 20:51:29'),
(1018, 104, 'Santo Domingo de Acobamba', '2025-05-20 20:51:29'),
(1019, 104, 'Sapallanga', '2025-05-20 20:51:29'),
(1020, 104, 'Sicaya', '2025-05-20 20:51:29'),
(1021, 104, 'Viques', '2025-05-20 20:51:29'),
(1022, 105, 'Concepción', '2025-05-20 20:51:29'),
(1023, 105, 'Aco', '2025-05-20 20:51:29'),
(1024, 105, 'Andamarca', '2025-05-20 20:51:29'),
(1025, 105, 'Chambara', '2025-05-20 20:51:29'),
(1026, 105, 'Cochas', '2025-05-20 20:51:29'),
(1027, 105, 'Comas', '2025-05-20 20:51:29'),
(1028, 105, 'Heroínas Toledo', '2025-05-20 20:51:29'),
(1029, 105, 'Manzanares', '2025-05-20 20:51:29'),
(1030, 105, 'Mariscal Castilla', '2025-05-20 20:51:29'),
(1031, 105, 'Matahuasi', '2025-05-20 20:51:29'),
(1032, 105, 'Mito', '2025-05-20 20:51:29'),
(1033, 105, 'Nueve de Julio', '2025-05-20 20:51:29'),
(1034, 105, 'Orcotuna', '2025-05-20 20:51:29'),
(1035, 105, 'San José de Quero', '2025-05-20 20:51:29'),
(1036, 105, 'Santa Rosa de Ocopa', '2025-05-20 20:51:29'),
(1037, 106, 'Chanchamayo', '2025-05-20 20:51:29'),
(1038, 106, 'Perene', '2025-05-20 20:51:29'),
(1039, 106, 'Pichanaqui', '2025-05-20 20:51:29'),
(1040, 106, 'San Luis de Shuaro', '2025-05-20 20:51:29'),
(1041, 106, 'San Ramón', '2025-05-20 20:51:29'),
(1042, 106, 'Vitoc', '2025-05-20 20:51:29'),
(1043, 107, 'Jauja', '2025-05-20 20:51:29'),
(1044, 107, 'Acolla', '2025-05-20 20:51:29'),
(1045, 107, 'Apata', '2025-05-20 20:51:29'),
(1046, 107, 'Ataura', '2025-05-20 20:51:29'),
(1047, 107, 'Canchayllo', '2025-05-20 20:51:29'),
(1048, 107, 'Curicaca', '2025-05-20 20:51:29'),
(1049, 107, 'El Mantaro', '2025-05-20 20:51:29'),
(1050, 107, 'Huamali', '2025-05-20 20:51:29'),
(1051, 107, 'Huaripampa', '2025-05-20 20:51:29'),
(1052, 107, 'Huertas', '2025-05-20 20:51:29'),
(1053, 107, 'Janjaillo', '2025-05-20 20:51:29'),
(1054, 107, 'Julcán', '2025-05-20 20:51:29'),
(1055, 107, 'Leonor Ordóñez', '2025-05-20 20:51:29'),
(1056, 107, 'Llocllapampa', '2025-05-20 20:51:29'),
(1057, 107, 'Marco', '2025-05-20 20:51:29'),
(1058, 107, 'Masma', '2025-05-20 20:51:29'),
(1059, 107, 'Masma Chicche', '2025-05-20 20:51:29'),
(1060, 107, 'Molinos', '2025-05-20 20:51:29'),
(1061, 107, 'Monobamba', '2025-05-20 20:51:29'),
(1062, 107, 'Muqui', '2025-05-20 20:51:29'),
(1063, 107, 'Muquiyauyo', '2025-05-20 20:51:29'),
(1064, 107, 'Paca', '2025-05-20 20:51:29'),
(1065, 107, 'Paccha', '2025-05-20 20:51:29'),
(1066, 107, 'Pancan', '2025-05-20 20:51:29'),
(1067, 107, 'Parco', '2025-05-20 20:51:29'),
(1068, 107, 'Pomacancha', '2025-05-20 20:51:29'),
(1069, 107, 'Ricran', '2025-05-20 20:51:29'),
(1070, 107, 'San Lorenzo', '2025-05-20 20:51:29'),
(1071, 107, 'San Pedro de Chunan', '2025-05-20 20:51:29'),
(1072, 107, 'Sausa', '2025-05-20 20:51:29'),
(1073, 107, 'Sincos', '2025-05-20 20:51:29'),
(1074, 107, 'Tunan Marca', '2025-05-20 20:51:29'),
(1075, 107, 'Yauli', '2025-05-20 20:51:29'),
(1076, 107, 'Yauyos', '2025-05-20 20:51:29'),
(1077, 108, 'Junín', '2025-05-20 20:51:29'),
(1078, 108, 'Carhuamayo', '2025-05-20 20:51:29'),
(1079, 108, 'Ondores', '2025-05-20 20:51:29'),
(1080, 108, 'Ulcumayo', '2025-05-20 20:51:29'),
(1081, 109, 'Satipo', '2025-05-20 20:51:29'),
(1082, 109, 'Coviriali', '2025-05-20 20:51:29'),
(1083, 109, 'Llaylla', '2025-05-20 20:51:29'),
(1084, 109, 'Mazamari', '2025-05-20 20:51:29'),
(1085, 109, 'Pampa Hermosa', '2025-05-20 20:51:29'),
(1086, 109, 'Pangoa', '2025-05-20 20:51:29'),
(1087, 109, 'Río Negro', '2025-05-20 20:51:29'),
(1088, 109, 'Río Tambo', '2025-05-20 20:51:29'),
(1089, 109, 'Vizcatán del Ene', '2025-05-20 20:51:29'),
(1090, 110, 'Tarma', '2025-05-20 20:51:29'),
(1091, 110, 'Acobamba', '2025-05-20 20:51:29'),
(1092, 110, 'Huaricolca', '2025-05-20 20:51:29'),
(1093, 110, 'Huasahuasi', '2025-05-20 20:51:29'),
(1094, 110, 'La Unión', '2025-05-20 20:51:29'),
(1095, 110, 'Palca', '2025-05-20 20:51:29'),
(1096, 110, 'Palcamayo', '2025-05-20 20:51:29'),
(1097, 110, 'San Pedro de Cajas', '2025-05-20 20:51:29'),
(1098, 110, 'Tapo', '2025-05-20 20:51:29'),
(1099, 111, 'La Oroya', '2025-05-20 20:51:29'),
(1100, 111, 'Chacapalpa', '2025-05-20 20:51:29'),
(1101, 111, 'Huay-Huay', '2025-05-20 20:51:29'),
(1102, 111, 'Marcapomacocha', '2025-05-20 20:51:29'),
(1103, 111, 'Morococha', '2025-05-20 20:51:29'),
(1104, 111, 'Paccha', '2025-05-20 20:51:29');
INSERT INTO `districts` (`id`, `province_id`, `name`, `created_at`) VALUES
(1105, 111, 'Santa Bárbara de Carhuacayan', '2025-05-20 20:51:29'),
(1106, 111, 'Santa Rosa de Sacco', '2025-05-20 20:51:29'),
(1107, 111, 'Suitucancha', '2025-05-20 20:51:29'),
(1108, 111, 'Yauli', '2025-05-20 20:51:29'),
(1109, 112, 'Chupaca', '2025-05-20 20:51:29'),
(1110, 112, 'Ahuac', '2025-05-20 20:51:29'),
(1111, 112, 'Chongos Bajo', '2025-05-20 20:51:29'),
(1112, 112, 'Huachac', '2025-05-20 20:51:29'),
(1113, 112, 'Huamancaca Chico', '2025-05-20 20:51:29'),
(1114, 112, 'San Juan de Iscos', '2025-05-20 20:51:29'),
(1115, 112, 'San Juan de Jarpa', '2025-05-20 20:51:29'),
(1116, 112, 'Tres de Diciembre', '2025-05-20 20:51:29'),
(1117, 112, 'Yanacancha', '2025-05-20 20:51:29'),
(1118, 113, 'Trujillo', '2025-05-20 20:51:29'),
(1119, 113, 'El Porvenir', '2025-05-20 20:51:29'),
(1120, 113, 'Florencia de Mora', '2025-05-20 20:51:29'),
(1121, 113, 'Huanchaco', '2025-05-20 20:51:29'),
(1122, 113, 'La Esperanza', '2025-05-20 20:51:29'),
(1123, 113, 'Laredo', '2025-05-20 20:51:29'),
(1124, 113, 'Moche', '2025-05-20 20:51:29'),
(1125, 113, 'Poroto', '2025-05-20 20:51:29'),
(1126, 113, 'Salaverry', '2025-05-20 20:51:29'),
(1127, 113, 'Simbal', '2025-05-20 20:51:29'),
(1128, 113, 'Victor Larco Herrera', '2025-05-20 20:51:29'),
(1129, 114, 'Ascope', '2025-05-20 20:51:29'),
(1130, 114, 'Chicama', '2025-05-20 20:51:29'),
(1131, 114, 'Chocope', '2025-05-20 20:51:29'),
(1132, 114, 'Magdalena de Cao', '2025-05-20 20:51:29'),
(1133, 114, 'Paiján', '2025-05-20 20:51:29'),
(1134, 114, 'Rázuri', '2025-05-20 20:51:29'),
(1135, 114, 'Santiago de Cao', '2025-05-20 20:51:29'),
(1136, 115, 'Bolívar', '2025-05-20 20:51:29'),
(1137, 115, 'Bambamarca', '2025-05-20 20:51:29'),
(1138, 115, 'Condormarca', '2025-05-20 20:51:29'),
(1139, 115, 'Longotea', '2025-05-20 20:51:29'),
(1140, 115, 'Uchumarca', '2025-05-20 20:51:29'),
(1141, 115, 'Ucuncha', '2025-05-20 20:51:29'),
(1142, 116, 'Chepén', '2025-05-20 20:51:29'),
(1143, 116, 'Pacanga', '2025-05-20 20:51:29'),
(1144, 116, 'Pueblo Nuevo', '2025-05-20 20:51:29'),
(1145, 117, 'Guadalupe', '2025-05-20 20:51:29'),
(1146, 117, 'Cascas', '2025-05-20 20:51:29'),
(1147, 117, 'Lucma', '2025-05-20 20:51:29'),
(1148, 117, 'Sayapullo', '2025-05-20 20:51:29'),
(1149, 118, 'Julcán', '2025-05-20 20:51:29'),
(1150, 118, 'Calamarca', '2025-05-20 20:51:29'),
(1151, 118, 'Carabamba', '2025-05-20 20:51:29'),
(1152, 118, 'Huaso', '2025-05-20 20:51:29'),
(1153, 119, 'Otuzco', '2025-05-20 20:51:29'),
(1154, 119, 'Agallpampa', '2025-05-20 20:51:29'),
(1155, 119, 'Charat', '2025-05-20 20:51:29'),
(1156, 119, 'Huaranchal', '2025-05-20 20:51:29'),
(1157, 119, 'La Cuesta', '2025-05-20 20:51:29'),
(1158, 119, 'Mache', '2025-05-20 20:51:29'),
(1159, 119, 'Paranday', '2025-05-20 20:51:29'),
(1160, 119, 'Salpo', '2025-05-20 20:51:29'),
(1161, 119, 'Sinsicap', '2025-05-20 20:51:29'),
(1162, 119, 'Usquil', '2025-05-20 20:51:29'),
(1163, 120, 'San Pedro de Lloc', '2025-05-20 20:51:29'),
(1164, 120, 'Guadalupe', '2025-05-20 20:51:29'),
(1165, 120, 'Jequetepeque', '2025-05-20 20:51:29'),
(1166, 120, 'Pacasmayo', '2025-05-20 20:51:29'),
(1167, 120, 'San José', '2025-05-20 20:51:29'),
(1168, 121, 'Tayabamba', '2025-05-20 20:51:29'),
(1169, 121, 'Buldibuyo', '2025-05-20 20:51:29'),
(1170, 121, 'Chillia', '2025-05-20 20:51:29'),
(1171, 121, 'Huancaspata', '2025-05-20 20:51:29'),
(1172, 121, 'Huaylillas', '2025-05-20 20:51:29'),
(1173, 121, 'Huayo', '2025-05-20 20:51:29'),
(1174, 121, 'Ongon', '2025-05-20 20:51:29'),
(1175, 121, 'Parcoy', '2025-05-20 20:51:29'),
(1176, 121, 'Pataz', '2025-05-20 20:51:29'),
(1177, 121, 'Pias', '2025-05-20 20:51:29'),
(1178, 121, 'Santiago de Challas', '2025-05-20 20:51:29'),
(1179, 121, 'Taurija', '2025-05-20 20:51:29'),
(1180, 121, 'Urpay', '2025-05-20 20:51:29'),
(1181, 122, 'Huamachuco', '2025-05-20 20:51:29'),
(1182, 122, 'Chugay', '2025-05-20 20:51:29'),
(1183, 122, 'Cochorco', '2025-05-20 20:51:29'),
(1184, 122, 'Curgos', '2025-05-20 20:51:29'),
(1185, 122, 'Marcabal', '2025-05-20 20:51:29'),
(1186, 122, 'Sanagoran', '2025-05-20 20:51:29'),
(1187, 122, 'Sarin', '2025-05-20 20:51:29'),
(1188, 122, 'Sartimbamba', '2025-05-20 20:51:29'),
(1189, 123, 'Santiago de Chuco', '2025-05-20 20:51:29'),
(1190, 123, 'Angasmarca', '2025-05-20 20:51:29'),
(1191, 123, 'Cachicadán', '2025-05-20 20:51:29'),
(1192, 123, 'Mollebamba', '2025-05-20 20:51:29'),
(1193, 123, 'Mollepata', '2025-05-20 20:51:29'),
(1194, 123, 'Quiruvilca', '2025-05-20 20:51:29'),
(1195, 123, 'Santa Cruz de Chuca', '2025-05-20 20:51:29'),
(1196, 123, 'Sitabamba', '2025-05-20 20:51:29'),
(1197, 124, 'Virú', '2025-05-20 20:51:29'),
(1198, 124, 'Chao', '2025-05-20 20:51:29'),
(1199, 124, 'Guadalupito', '2025-05-20 20:51:29'),
(1200, 125, 'Chiclayo', '2025-05-20 20:51:29'),
(1201, 125, 'Chongoyape', '2025-05-20 20:51:29'),
(1202, 125, 'Eten', '2025-05-20 20:51:29'),
(1203, 125, 'Eten Puerto', '2025-05-20 20:51:29'),
(1204, 125, 'José Leonardo Ortiz', '2025-05-20 20:51:29'),
(1205, 125, 'La Victoria', '2025-05-20 20:51:29'),
(1206, 125, 'Lagunas', '2025-05-20 20:51:29'),
(1207, 125, 'Monsefú', '2025-05-20 20:51:29'),
(1208, 125, 'Nueva Arica', '2025-05-20 20:51:29'),
(1209, 125, 'Oyotún', '2025-05-20 20:51:29'),
(1210, 125, 'Picsi', '2025-05-20 20:51:29'),
(1211, 125, 'Pimentel', '2025-05-20 20:51:29'),
(1212, 125, 'Reque', '2025-05-20 20:51:29'),
(1213, 125, 'Santa Rosa', '2025-05-20 20:51:29'),
(1214, 125, 'Saña', '2025-05-20 20:51:29'),
(1215, 125, 'Cayaltí', '2025-05-20 20:51:29'),
(1216, 125, 'Patapo', '2025-05-20 20:51:29'),
(1217, 125, 'Pomalca', '2025-05-20 20:51:29'),
(1218, 125, 'Pucalá', '2025-05-20 20:51:29'),
(1219, 125, 'Tumán', '2025-05-20 20:51:29'),
(1220, 126, 'Ferreñafe', '2025-05-20 20:51:29'),
(1221, 126, 'Cañaris', '2025-05-20 20:51:29'),
(1222, 126, 'Incahuasi', '2025-05-20 20:51:29'),
(1223, 126, 'Manuel Antonio Mesones Muro', '2025-05-20 20:51:29'),
(1224, 126, 'Pitipo', '2025-05-20 20:51:29'),
(1225, 126, 'Pueblo Nuevo', '2025-05-20 20:51:29'),
(1226, 127, 'Lambayeque', '2025-05-20 20:51:29'),
(1227, 127, 'Chochope', '2025-05-20 20:51:29'),
(1228, 127, 'Illimo', '2025-05-20 20:51:29'),
(1229, 127, 'Jayanca', '2025-05-20 20:51:29'),
(1230, 127, 'Mochumi', '2025-05-20 20:51:29'),
(1231, 127, 'Morrope', '2025-05-20 20:51:29'),
(1232, 127, 'Motupe', '2025-05-20 20:51:29'),
(1233, 127, 'Olmos', '2025-05-20 20:51:29'),
(1234, 127, 'Pacora', '2025-05-20 20:51:29'),
(1235, 127, 'Salas', '2025-05-20 20:51:29'),
(1236, 127, 'San José', '2025-05-20 20:51:29'),
(1237, 127, 'Túcume', '2025-05-20 20:51:29'),
(1238, 128, 'Lima', '2025-05-20 20:51:29'),
(1239, 128, 'Ancón', '2025-05-20 20:51:29'),
(1240, 128, 'Ate', '2025-05-20 20:51:29'),
(1241, 128, 'Barranco', '2025-05-20 20:51:29'),
(1242, 128, 'Breña', '2025-05-20 20:51:29'),
(1243, 128, 'Carabayllo', '2025-05-20 20:51:29'),
(1244, 128, 'Chaclacayo', '2025-05-20 20:51:29'),
(1245, 128, 'Chorrillos', '2025-05-20 20:51:29'),
(1246, 128, 'Cieneguilla', '2025-05-20 20:51:29'),
(1247, 128, 'Comas', '2025-05-20 20:51:29'),
(1248, 128, 'El Agustino', '2025-05-20 20:51:29'),
(1249, 128, 'Independencia', '2025-05-20 20:51:29'),
(1250, 128, 'Jesús María', '2025-05-20 20:51:29'),
(1251, 128, 'La Molina', '2025-05-20 20:51:29'),
(1252, 128, 'La Victoria', '2025-05-20 20:51:29'),
(1253, 128, 'Lince', '2025-05-20 20:51:29'),
(1254, 128, 'Los Olivos', '2025-05-20 20:51:29'),
(1255, 128, 'Lurigancho', '2025-05-20 20:51:29'),
(1256, 128, 'Lurín', '2025-05-20 20:51:29'),
(1257, 128, 'Magdalena del Mar', '2025-05-20 20:51:29'),
(1258, 128, 'Miraflores', '2025-05-20 20:51:29'),
(1259, 128, 'Pachacamac', '2025-05-20 20:51:29'),
(1260, 128, 'Pucusana', '2025-05-20 20:51:29'),
(1261, 128, 'Pueblo Libre', '2025-05-20 20:51:29'),
(1262, 128, 'Puente Piedra', '2025-05-20 20:51:29'),
(1263, 128, 'Punta Hermosa', '2025-05-20 20:51:29'),
(1264, 128, 'Punta Negra', '2025-05-20 20:51:29'),
(1265, 128, 'Rímac', '2025-05-20 20:51:29'),
(1266, 128, 'San Bartolo', '2025-05-20 20:51:29'),
(1267, 128, 'San Borja', '2025-05-20 20:51:29'),
(1268, 128, 'San Isidro', '2025-05-20 20:51:29'),
(1269, 128, 'San Juan de Lurigancho', '2025-05-20 20:51:29'),
(1270, 128, 'San Juan de Miraflores', '2025-05-20 20:51:29'),
(1271, 128, 'San Luis', '2025-05-20 20:51:29'),
(1272, 128, 'San Martín de Porres', '2025-05-20 20:51:29'),
(1273, 128, 'San Miguel', '2025-05-20 20:51:29'),
(1274, 128, 'Santa Anita', '2025-05-20 20:51:29'),
(1275, 128, 'Santa María del Mar', '2025-05-20 20:51:29'),
(1276, 128, 'Santa Rosa', '2025-05-20 20:51:29'),
(1277, 128, 'Santiago de Surco', '2025-05-20 20:51:29'),
(1278, 128, 'Surquillo', '2025-05-20 20:51:29'),
(1279, 128, 'Villa El Salvador', '2025-05-20 20:51:29'),
(1280, 128, 'Villa María del Triunfo', '2025-05-20 20:51:29'),
(1281, 129, 'Barranca', '2025-05-20 20:51:29'),
(1282, 129, 'Paramonga', '2025-05-20 20:51:29'),
(1283, 129, 'Pativilca', '2025-05-20 20:51:29'),
(1284, 129, 'Supe', '2025-05-20 20:51:29'),
(1285, 129, 'Supe Puerto', '2025-05-20 20:51:29'),
(1286, 130, 'Cajatambo', '2025-05-20 20:51:29'),
(1287, 130, 'Copa', '2025-05-20 20:51:29'),
(1288, 130, 'Gorgor', '2025-05-20 20:51:29'),
(1289, 130, 'Huancapon', '2025-05-20 20:51:29'),
(1290, 130, 'Manas', '2025-05-20 20:51:29'),
(1291, 131, 'Canta', '2025-05-20 20:54:20'),
(1292, 131, 'Arahuay', '2025-05-20 20:54:20'),
(1293, 131, 'Huamantanga', '2025-05-20 20:54:20'),
(1294, 131, 'Huaros', '2025-05-20 20:54:20'),
(1295, 131, 'Lachaqui', '2025-05-20 20:54:20'),
(1296, 131, 'San Buenaventura', '2025-05-20 20:54:20'),
(1297, 131, 'Santa Rosa de Quives', '2025-05-20 20:54:20'),
(1298, 132, 'San Vicente de Cañete', '2025-05-20 20:54:20'),
(1299, 132, 'Asia', '2025-05-20 20:54:20'),
(1300, 132, 'Calango', '2025-05-20 20:54:20'),
(1301, 132, 'Cerro Azul', '2025-05-20 20:54:20'),
(1302, 132, 'Chilca', '2025-05-20 20:54:20'),
(1303, 132, 'Coayllo', '2025-05-20 20:54:20'),
(1304, 132, 'Imperial', '2025-05-20 20:54:20'),
(1305, 132, 'Lunahuana', '2025-05-20 20:54:20'),
(1306, 132, 'Mala', '2025-05-20 20:54:20'),
(1307, 132, 'Nuevo Imperial', '2025-05-20 20:54:20'),
(1308, 132, 'Pacaran', '2025-05-20 20:54:20'),
(1309, 132, 'Quilmana', '2025-05-20 20:54:20'),
(1310, 132, 'San Antonio', '2025-05-20 20:54:20'),
(1311, 132, 'San Luis', '2025-05-20 20:54:20'),
(1312, 132, 'Santa Cruz de Flores', '2025-05-20 20:54:20'),
(1313, 132, 'Zúñiga', '2025-05-20 20:54:20'),
(1314, 133, 'Huaral', '2025-05-20 20:54:20'),
(1315, 133, 'Atavillos Alto', '2025-05-20 20:54:20'),
(1316, 133, 'Atavillos Bajo', '2025-05-20 20:54:20'),
(1317, 133, 'Aucallama', '2025-05-20 20:54:20'),
(1318, 133, 'Chancay', '2025-05-20 20:54:20'),
(1319, 133, 'Ihuari', '2025-05-20 20:54:20'),
(1320, 133, 'Lampian', '2025-05-20 20:54:20'),
(1321, 133, 'Pacaraos', '2025-05-20 20:54:20'),
(1322, 133, 'San Miguel de Acos', '2025-05-20 20:54:20'),
(1323, 133, 'Santa Cruz de Andamarca', '2025-05-20 20:54:20'),
(1324, 133, 'Sumbilca', '2025-05-20 20:54:20'),
(1325, 133, 'Veintisiete de Noviembre', '2025-05-20 20:54:20'),
(1326, 134, 'Matucana', '2025-05-20 20:54:20'),
(1327, 134, 'Antioquia', '2025-05-20 20:54:20'),
(1328, 134, 'Callahuanca', '2025-05-20 20:54:20'),
(1329, 134, 'Carampoma', '2025-05-20 20:54:20'),
(1330, 134, 'Chicla', '2025-05-20 20:54:20'),
(1331, 134, 'Cuenca', '2025-05-20 20:54:20'),
(1332, 134, 'Huachupampa', '2025-05-20 20:54:20'),
(1333, 134, 'Huanza', '2025-05-20 20:54:20'),
(1334, 134, 'Huarochiri', '2025-05-20 20:54:20'),
(1335, 134, 'Lahuaytambo', '2025-05-20 20:54:20'),
(1336, 134, 'Langa', '2025-05-20 20:54:20'),
(1337, 134, 'Laraos', '2025-05-20 20:54:20'),
(1338, 134, 'Mariatana', '2025-05-20 20:54:20'),
(1339, 134, 'Ricardo Palma', '2025-05-20 20:54:20'),
(1340, 134, 'San Andrés de Tupicocha', '2025-05-20 20:54:20'),
(1341, 134, 'San Antonio', '2025-05-20 20:54:20'),
(1342, 134, 'San Bartolomé', '2025-05-20 20:54:20'),
(1343, 134, 'San Damian', '2025-05-20 20:54:20'),
(1344, 134, 'San Juan de Iris', '2025-05-20 20:54:20'),
(1345, 134, 'San Juan de Tantaranche', '2025-05-20 20:54:20'),
(1346, 134, 'San Lorenzo de Quinti', '2025-05-20 20:54:20'),
(1347, 134, 'San Mateo', '2025-05-20 20:54:20'),
(1348, 134, 'San Mateo de Otao', '2025-05-20 20:54:20'),
(1349, 134, 'San Pedro de Casta', '2025-05-20 20:54:20'),
(1350, 134, 'San Pedro de Huancayre', '2025-05-20 20:54:20'),
(1351, 134, 'Sangallaya', '2025-05-20 20:54:20'),
(1352, 134, 'Santa Cruz de Cocachacra', '2025-05-20 20:54:20'),
(1353, 134, 'Santa Eulalia', '2025-05-20 20:54:20'),
(1354, 134, 'Santiago de Anchucaya', '2025-05-20 20:54:20'),
(1355, 134, 'Santiago de Tuna', '2025-05-20 20:54:20'),
(1356, 134, 'Santo Domingo de los Olleros', '2025-05-20 20:54:20'),
(1357, 134, 'Surco', '2025-05-20 20:54:20'),
(1358, 135, 'Huacho', '2025-05-20 20:54:20'),
(1359, 135, 'Ambar', '2025-05-20 20:54:20'),
(1360, 135, 'Caleta de Carquin', '2025-05-20 20:54:20'),
(1361, 135, 'Checras', '2025-05-20 20:54:20'),
(1362, 135, 'Hualmay', '2025-05-20 20:54:20'),
(1363, 135, 'Huaura', '2025-05-20 20:54:20'),
(1364, 135, 'Leoncio Prado', '2025-05-20 20:54:20'),
(1365, 135, 'Paccho', '2025-05-20 20:54:20'),
(1366, 135, 'Santa Leonor', '2025-05-20 20:54:20'),
(1367, 135, 'Santa María', '2025-05-20 20:54:20'),
(1368, 135, 'Sayan', '2025-05-20 20:54:20'),
(1369, 135, 'Vegueta', '2025-05-20 20:54:20'),
(1370, 136, 'Oyon', '2025-05-20 20:54:20'),
(1371, 136, 'Andajes', '2025-05-20 20:54:20'),
(1372, 136, 'Caujul', '2025-05-20 20:54:20'),
(1373, 136, 'Cochamarca', '2025-05-20 20:54:20'),
(1374, 136, 'Navan', '2025-05-20 20:54:20'),
(1375, 136, 'Pachangara', '2025-05-20 20:54:20'),
(1376, 137, 'Yauyos', '2025-05-20 20:54:20'),
(1377, 137, 'Alis', '2025-05-20 20:54:20'),
(1378, 137, 'Ayauca', '2025-05-20 20:54:20'),
(1379, 137, 'Ayaviri', '2025-05-20 20:54:20'),
(1380, 137, 'Azángaro', '2025-05-20 20:54:20'),
(1381, 137, 'Cacra', '2025-05-20 20:54:20'),
(1382, 137, 'Carania', '2025-05-20 20:54:20'),
(1383, 137, 'Catahuasi', '2025-05-20 20:54:20'),
(1384, 137, 'Chocos', '2025-05-20 20:54:20'),
(1385, 137, 'Cochas', '2025-05-20 20:54:20'),
(1386, 137, 'Colonia', '2025-05-20 20:54:20'),
(1387, 137, 'Hongos', '2025-05-20 20:54:20'),
(1388, 137, 'Huampara', '2025-05-20 20:54:20'),
(1389, 137, 'Huancaya', '2025-05-20 20:54:20'),
(1390, 137, 'Huangascar', '2025-05-20 20:54:20'),
(1391, 137, 'Huantan', '2025-05-20 20:54:20'),
(1392, 137, 'Huañec', '2025-05-20 20:54:20'),
(1393, 137, 'Laraos', '2025-05-20 20:54:20'),
(1394, 137, 'Lincha', '2025-05-20 20:54:20'),
(1395, 137, 'Madean', '2025-05-20 20:54:20'),
(1396, 137, 'Miraflores', '2025-05-20 20:54:20'),
(1397, 137, 'Omas', '2025-05-20 20:54:20'),
(1398, 137, 'Putinza', '2025-05-20 20:54:20'),
(1399, 137, 'Quinches', '2025-05-20 20:54:20'),
(1400, 137, 'Quinocay', '2025-05-20 20:54:20'),
(1401, 137, 'San Joaquín', '2025-05-20 20:54:20'),
(1402, 137, 'San Pedro de Pilas', '2025-05-20 20:54:20'),
(1403, 137, 'Tanta', '2025-05-20 20:54:20'),
(1404, 137, 'Tauripampa', '2025-05-20 20:54:20'),
(1405, 137, 'Tomas', '2025-05-20 20:54:20'),
(1406, 137, 'Tupe', '2025-05-20 20:54:20'),
(1407, 137, 'Viñac', '2025-05-20 20:54:20'),
(1408, 137, 'Vitis', '2025-05-20 20:54:20'),
(1409, 138, 'Iquitos', '2025-05-20 20:54:20'),
(1410, 138, 'Alto Nanay', '2025-05-20 20:54:20'),
(1411, 138, 'Fernando Lores', '2025-05-20 20:54:20'),
(1412, 138, 'Indiana', '2025-05-20 20:54:20'),
(1413, 138, 'Las Amazonas', '2025-05-20 20:54:20'),
(1414, 138, 'Mazan', '2025-05-20 20:54:20'),
(1415, 138, 'Napo', '2025-05-20 20:54:20'),
(1416, 138, 'Punchana', '2025-05-20 20:54:20'),
(1417, 138, 'Torres Causana', '2025-05-20 20:54:20'),
(1418, 138, 'Belén', '2025-05-20 20:54:20'),
(1419, 138, 'San Juan Bautista', '2025-05-20 20:54:20'),
(1420, 139, 'Yurimaguas', '2025-05-20 20:54:20'),
(1421, 139, 'Balsapuerto', '2025-05-20 20:54:20'),
(1422, 139, 'Jeberos', '2025-05-20 20:54:20'),
(1423, 139, 'Lagunas', '2025-05-20 20:54:20'),
(1424, 139, 'Santa Cruz', '2025-05-20 20:54:20'),
(1425, 139, 'Teniente César López Rojas', '2025-05-20 20:54:20'),
(1426, 140, 'Nauta', '2025-05-20 20:54:20'),
(1427, 140, 'Parinari', '2025-05-20 20:54:20'),
(1428, 140, 'Tigre', '2025-05-20 20:54:20'),
(1429, 140, 'Trompeteros', '2025-05-20 20:54:20'),
(1430, 140, 'Urarinas', '2025-05-20 20:54:20'),
(1431, 141, 'Ramón Castilla', '2025-05-20 20:54:20'),
(1432, 141, 'Pebas', '2025-05-20 20:54:20'),
(1433, 141, 'Yavari', '2025-05-20 20:54:20'),
(1434, 141, 'San Pablo', '2025-05-20 20:54:20'),
(1435, 142, 'Requena', '2025-05-20 20:54:20'),
(1436, 142, 'Alto Tapiche', '2025-05-20 20:54:20'),
(1437, 142, 'Capelo', '2025-05-20 20:54:20'),
(1438, 142, 'Emilio San Martín', '2025-05-20 20:54:20'),
(1439, 142, 'Maquia', '2025-05-20 20:54:20'),
(1440, 142, 'Puinahua', '2025-05-20 20:54:20'),
(1441, 142, 'Saquena', '2025-05-20 20:54:20'),
(1442, 142, 'Soplin', '2025-05-20 20:54:20'),
(1443, 142, 'Tapiche', '2025-05-20 20:54:20'),
(1444, 142, 'Jenaro Herrera', '2025-05-20 20:54:20'),
(1445, 142, 'Yaquerana', '2025-05-20 20:54:20'),
(1446, 143, 'Contamana', '2025-05-20 20:54:20'),
(1447, 143, 'Inahuaya', '2025-05-20 20:54:20'),
(1448, 143, 'Padre Márquez', '2025-05-20 20:54:20'),
(1449, 143, 'Pampa Hermosa', '2025-05-20 20:54:20'),
(1450, 143, 'Sarayacu', '2025-05-20 20:54:20'),
(1451, 143, 'Vargas Guerra', '2025-05-20 20:54:20'),
(1452, 144, 'Barranca', '2025-05-20 20:54:20'),
(1453, 144, 'Cahuapanas', '2025-05-20 20:54:20'),
(1454, 144, 'Manseriche', '2025-05-20 20:54:20'),
(1455, 144, 'Morona', '2025-05-20 20:54:20'),
(1456, 144, 'Pastaza', '2025-05-20 20:54:20'),
(1457, 144, 'Andoas', '2025-05-20 20:54:20'),
(1458, 145, 'Putumayo', '2025-05-20 20:54:20'),
(1459, 145, 'Rosa Panduro', '2025-05-20 20:54:20'),
(1460, 145, 'Teniente Manuel Clavero', '2025-05-20 20:54:20'),
(1461, 145, 'Yaguas', '2025-05-20 20:54:20'),
(1462, 146, 'Tambopata', '2025-05-20 20:54:20'),
(1463, 146, 'Inambari', '2025-05-20 20:54:20'),
(1464, 146, 'Las Piedras', '2025-05-20 20:54:20'),
(1465, 146, 'Laberinto', '2025-05-20 20:54:20'),
(1466, 147, 'Manu', '2025-05-20 20:54:20'),
(1467, 147, 'Fitzcarrald', '2025-05-20 20:54:20'),
(1468, 147, 'Madre de Dios', '2025-05-20 20:54:20'),
(1469, 147, 'Huepetuhe', '2025-05-20 20:54:20'),
(1470, 148, 'Iñapari', '2025-05-20 20:54:20'),
(1471, 148, 'Iberia', '2025-05-20 20:54:20'),
(1472, 148, 'Tahuamanu', '2025-05-20 20:54:20'),
(1473, 149, 'Moquegua', '2025-05-20 20:54:20'),
(1474, 149, 'Carumas', '2025-05-20 20:54:20'),
(1475, 149, 'Cuchumbaya', '2025-05-20 20:54:20'),
(1476, 149, 'Samegua', '2025-05-20 20:54:20'),
(1477, 149, 'San Cristóbal', '2025-05-20 20:54:20'),
(1478, 149, 'Torata', '2025-05-20 20:54:20'),
(1479, 150, 'Omate', '2025-05-20 20:54:20'),
(1480, 150, 'Chojata', '2025-05-20 20:54:20'),
(1481, 150, 'Coalaque', '2025-05-20 20:54:20'),
(1482, 150, 'Ichuña', '2025-05-20 20:54:20'),
(1483, 150, 'La Capilla', '2025-05-20 20:54:20'),
(1484, 150, 'Lloque', '2025-05-20 20:54:20'),
(1485, 150, 'Matalaque', '2025-05-20 20:54:20'),
(1486, 150, 'Puquina', '2025-05-20 20:54:20'),
(1487, 150, 'Quinistaquillas', '2025-05-20 20:54:20'),
(1488, 150, 'Ubinas', '2025-05-20 20:54:20'),
(1489, 150, 'Yunga', '2025-05-20 20:54:20'),
(1490, 151, 'Ilo', '2025-05-20 20:54:20'),
(1491, 151, 'El Algarrobal', '2025-05-20 20:54:20'),
(1492, 151, 'Pacocha', '2025-05-20 20:54:20'),
(1493, 152, 'Cerro de Pasco', '2025-05-20 20:54:20'),
(1494, 152, 'Chaupimarca', '2025-05-20 20:54:20'),
(1495, 152, 'Huachon', '2025-05-20 20:54:20'),
(1496, 152, 'Huariaca', '2025-05-20 20:54:20'),
(1497, 152, 'Huayllay', '2025-05-20 20:54:20'),
(1498, 152, 'Ninacaca', '2025-05-20 20:54:20'),
(1499, 152, 'Pallanchacra', '2025-05-20 20:54:20'),
(1500, 152, 'Paucartambo', '2025-05-20 20:54:20'),
(1501, 152, 'San Francisco de Asís de Yarusyacan', '2025-05-20 20:54:20'),
(1502, 152, 'Simon Bolivar', '2025-05-20 20:54:20'),
(1503, 152, 'Ticlacayan', '2025-05-20 20:54:20'),
(1504, 152, 'Tinyahuarco', '2025-05-20 20:54:20'),
(1505, 152, 'Vicco', '2025-05-20 20:54:20'),
(1506, 152, 'Yanacancha', '2025-05-20 20:54:20'),
(1507, 153, 'Yanahuanca', '2025-05-20 20:54:20'),
(1508, 153, 'Chacayan', '2025-05-20 20:54:20'),
(1509, 153, 'Goyllarisquizga', '2025-05-20 20:54:20'),
(1510, 153, 'Paucar', '2025-05-20 20:54:20'),
(1511, 153, 'San Pedro de Pillao', '2025-05-20 20:54:20'),
(1512, 153, 'Santa Ana de Tusi', '2025-05-20 20:54:20'),
(1513, 153, 'Tapuc', '2025-05-20 20:54:20'),
(1514, 153, 'Vilcabamba', '2025-05-20 20:54:20'),
(1515, 154, 'Oxapampa', '2025-05-20 20:54:20'),
(1516, 154, 'Chontabamba', '2025-05-20 20:54:20'),
(1517, 154, 'Huancabamba', '2025-05-20 20:54:20'),
(1518, 154, 'Palcazu', '2025-05-20 20:54:20'),
(1519, 154, 'Pozuzo', '2025-05-20 20:54:20'),
(1520, 154, 'Puerto Bermúdez', '2025-05-20 20:54:20'),
(1521, 154, 'Villa Rica', '2025-05-20 20:54:20'),
(1522, 154, 'Constitución', '2025-05-20 20:54:20'),
(1523, 155, 'Piura', '2025-05-20 20:54:20'),
(1524, 155, 'Castilla', '2025-05-20 20:54:20'),
(1525, 155, 'Catacaos', '2025-05-20 20:54:20'),
(1526, 155, 'Cura Mori', '2025-05-20 20:54:20'),
(1527, 155, 'El Tallan', '2025-05-20 20:54:20'),
(1528, 155, 'La Arena', '2025-05-20 20:54:20'),
(1529, 155, 'La Unión', '2025-05-20 20:54:20'),
(1530, 155, 'Las Lomas', '2025-05-20 20:54:20'),
(1531, 155, 'Tambo Grande', '2025-05-20 20:54:20'),
(1532, 155, 'Veintiseis de Octubre', '2025-05-20 20:54:20'),
(1533, 156, 'Ayabaca', '2025-05-20 20:54:20'),
(1534, 156, 'Frias', '2025-05-20 20:54:20'),
(1535, 156, 'Jilili', '2025-05-20 20:54:20'),
(1536, 156, 'Lagunas', '2025-05-20 20:54:20'),
(1537, 156, 'Montero', '2025-05-20 20:54:20'),
(1538, 156, 'Pacaipampa', '2025-05-20 20:54:20'),
(1539, 156, 'Paimas', '2025-05-20 20:54:20'),
(1540, 156, 'Sapillica', '2025-05-20 20:54:20'),
(1541, 156, 'Sicchez', '2025-05-20 20:54:20'),
(1542, 156, 'Suyo', '2025-05-20 20:54:20'),
(1543, 157, 'Huancabamba', '2025-05-20 20:54:20'),
(1544, 157, 'Canchaque', '2025-05-20 20:54:20'),
(1545, 157, 'El Carmen de la Frontera', '2025-05-20 20:54:20'),
(1546, 157, 'Huarmaca', '2025-05-20 20:54:20'),
(1547, 157, 'Lalaquiz', '2025-05-20 20:54:20'),
(1548, 157, 'San Miguel de El Faique', '2025-05-20 20:54:20'),
(1549, 157, 'Sondor', '2025-05-20 20:54:20'),
(1550, 157, 'Sondorillo', '2025-05-20 20:54:20'),
(1551, 158, 'Chulucanas', '2025-05-20 20:54:20'),
(1552, 158, 'Buenos Aires', '2025-05-20 20:54:20'),
(1553, 158, 'Chalaco', '2025-05-20 20:54:20'),
(1554, 158, 'La Matanza', '2025-05-20 20:54:20'),
(1555, 158, 'Morropon', '2025-05-20 20:54:20'),
(1556, 158, 'Salitral', '2025-05-20 20:54:20'),
(1557, 158, 'San Juan de Bigote', '2025-05-20 20:54:20'),
(1558, 158, 'Santa Catalina de Mossa', '2025-05-20 20:54:20'),
(1559, 158, 'Santo Domingo', '2025-05-20 20:54:20'),
(1560, 159, 'Paita', '2025-05-20 20:54:20'),
(1561, 159, 'Amotape', '2025-05-20 20:54:20'),
(1562, 159, 'Arenal', '2025-05-20 20:54:20'),
(1563, 159, 'Colan', '2025-05-20 20:54:20'),
(1564, 159, 'La Huaca', '2025-05-20 20:54:20'),
(1565, 159, 'Tamarindo', '2025-05-20 20:54:20'),
(1566, 159, 'Vichayal', '2025-05-20 20:54:20'),
(1567, 160, 'Sechura', '2025-05-20 20:54:20'),
(1568, 160, 'Bellavista de la Unión', '2025-05-20 20:54:20'),
(1569, 160, 'Bernal', '2025-05-20 20:54:20'),
(1570, 160, 'Cristo Nos Valga', '2025-05-20 20:54:20'),
(1571, 160, 'Vice', '2025-05-20 20:54:20'),
(1572, 160, 'Rinconada Llicuar', '2025-05-20 20:54:20'),
(1573, 161, 'Sullana', '2025-05-20 20:54:20'),
(1574, 161, 'Bellavista', '2025-05-20 20:54:20'),
(1575, 161, 'Ignacio Escudero', '2025-05-20 20:54:20'),
(1576, 161, 'Lancones', '2025-05-20 20:54:20'),
(1577, 161, 'Marcavelica', '2025-05-20 20:54:20'),
(1578, 161, 'Miguel Checa', '2025-05-20 20:54:20'),
(1579, 161, 'Querecotillo', '2025-05-20 20:54:20'),
(1580, 161, 'Salitral', '2025-05-20 20:54:20'),
(1581, 162, 'Talara', '2025-05-20 20:54:20'),
(1582, 162, 'El Alto', '2025-05-20 20:54:20'),
(1583, 162, 'La Brea', '2025-05-20 20:54:20'),
(1584, 162, 'Lobitos', '2025-05-20 20:54:20'),
(1585, 162, 'Los Organos', '2025-05-20 20:54:20'),
(1586, 162, 'Mancora', '2025-05-20 20:54:20'),
(1587, 162, 'Pariñas', '2025-05-20 20:54:20'),
(1588, 163, 'Puno', '2025-05-20 20:54:20'),
(1589, 163, 'Acora', '2025-05-20 20:54:20'),
(1590, 163, 'Amantani', '2025-05-20 20:54:20'),
(1591, 163, 'Atuncolla', '2025-05-20 20:54:20'),
(1592, 163, 'Capachica', '2025-05-20 20:54:20'),
(1593, 163, 'Chucuito', '2025-05-20 20:54:20'),
(1594, 163, 'Coata', '2025-05-20 20:54:20'),
(1595, 163, 'Huata', '2025-05-20 20:54:20'),
(1596, 163, 'Mañazo', '2025-05-20 20:54:20'),
(1597, 163, 'Paucarcolla', '2025-05-20 20:54:20'),
(1598, 163, 'Pichacani', '2025-05-20 20:54:20'),
(1599, 163, 'Plateria', '2025-05-20 20:54:20'),
(1600, 163, 'San Antonio', '2025-05-20 20:54:20'),
(1601, 163, 'Tiquillaca', '2025-05-20 20:54:20'),
(1602, 163, 'Vilque', '2025-05-20 20:54:20'),
(1603, 164, 'Azángaro', '2025-05-20 20:54:20'),
(1604, 164, 'Achaya', '2025-05-20 20:54:20'),
(1605, 164, 'Arapa', '2025-05-20 20:54:20'),
(1606, 164, 'Asillo', '2025-05-20 20:54:20'),
(1607, 164, 'Caminaca', '2025-05-20 20:54:20'),
(1608, 164, 'Chupa', '2025-05-20 20:54:20'),
(1609, 164, 'José Domingo Choquehuanca', '2025-05-20 20:54:20'),
(1610, 164, 'Muñani', '2025-05-20 20:54:20'),
(1611, 164, 'Potoni', '2025-05-20 20:54:20'),
(1612, 164, 'Saman', '2025-05-20 20:54:20'),
(1613, 164, 'San Anton', '2025-05-20 20:54:20'),
(1614, 164, 'San José', '2025-05-20 20:54:20'),
(1615, 164, 'San Juan de Salinas', '2025-05-20 20:54:20'),
(1616, 164, 'Santiago de Pupuja', '2025-05-20 20:54:20'),
(1617, 164, 'Tirapata', '2025-05-20 20:54:20'),
(1618, 165, 'Macusani', '2025-05-20 20:54:20'),
(1619, 165, 'Ajoyani', '2025-05-20 20:54:20'),
(1620, 165, 'Ayapata', '2025-05-20 20:54:20'),
(1621, 165, 'Coasa', '2025-05-20 20:54:20'),
(1622, 165, 'Corani', '2025-05-20 20:54:20'),
(1623, 165, 'Crucero', '2025-05-20 20:54:20'),
(1624, 165, 'Ituata', '2025-05-20 20:54:20'),
(1625, 165, 'Ollachea', '2025-05-20 20:54:20'),
(1626, 165, 'San Gaban', '2025-05-20 20:54:20'),
(1627, 165, 'Usicayos', '2025-05-20 20:54:20'),
(1628, 166, 'Juli', '2025-05-20 20:54:20'),
(1629, 166, 'Desaguadero', '2025-05-20 20:54:20'),
(1630, 166, 'Huacullani', '2025-05-20 20:54:20'),
(1631, 166, 'Kelluyo', '2025-05-20 20:54:20'),
(1632, 166, 'Pisacoma', '2025-05-20 20:54:20'),
(1633, 166, 'Pomata', '2025-05-20 20:54:20'),
(1634, 166, 'Zepita', '2025-05-20 20:54:20'),
(1635, 167, 'Ilave', '2025-05-20 20:54:20'),
(1636, 167, 'Capazo', '2025-05-20 20:54:20'),
(1637, 167, 'Pilcuyo', '2025-05-20 20:54:20'),
(1638, 167, 'Santa Rosa', '2025-05-20 20:54:20'),
(1639, 167, 'Conduriri', '2025-05-20 20:54:20'),
(1640, 168, 'Huancane', '2025-05-20 20:54:20'),
(1641, 168, 'Cojata', '2025-05-20 20:54:20'),
(1642, 168, 'Huatasani', '2025-05-20 20:54:20'),
(1643, 168, 'Inchupalla', '2025-05-20 20:54:20'),
(1644, 168, 'Pusi', '2025-05-20 20:54:20'),
(1645, 168, 'Rosaspata', '2025-05-20 20:54:20'),
(1646, 168, 'Taraco', '2025-05-20 20:54:20'),
(1647, 168, 'Vilque Chico', '2025-05-20 20:54:20'),
(1648, 169, 'Lampa', '2025-05-20 20:54:20'),
(1649, 169, 'Cabanilla', '2025-05-20 20:54:20'),
(1650, 169, 'Calapuja', '2025-05-20 20:54:20'),
(1651, 169, 'Nicasio', '2025-05-20 20:54:20'),
(1652, 169, 'Ocuviri', '2025-05-20 20:54:20'),
(1653, 169, 'Palca', '2025-05-20 20:54:20'),
(1654, 169, 'Paratia', '2025-05-20 20:54:20'),
(1655, 169, 'Pucara', '2025-05-20 20:54:20'),
(1656, 169, 'Santa Lucia', '2025-05-20 20:54:20'),
(1657, 169, 'Vilavila', '2025-05-20 20:54:20'),
(1658, 170, 'Ayaviri', '2025-05-20 20:54:20'),
(1659, 170, 'Antauta', '2025-05-20 20:54:20'),
(1660, 170, 'Cupi', '2025-05-20 20:54:20'),
(1661, 170, 'Llalli', '2025-05-20 20:54:20'),
(1662, 170, 'Macari', '2025-05-20 20:54:20'),
(1663, 170, 'Nuñoa', '2025-05-20 20:54:20'),
(1664, 170, 'Orurillo', '2025-05-20 20:54:20'),
(1665, 170, 'Santa Rosa', '2025-05-20 20:54:20'),
(1666, 170, 'Umachiri', '2025-05-20 20:54:20'),
(1667, 171, 'Moho', '2025-05-20 20:54:20'),
(1668, 171, 'Conima', '2025-05-20 20:54:20'),
(1669, 171, 'Huayrapata', '2025-05-20 20:54:20'),
(1670, 171, 'Tilali', '2025-05-20 20:54:20'),
(1671, 172, 'Putina', '2025-05-20 20:54:20'),
(1672, 172, 'Ananea', '2025-05-20 20:54:20'),
(1673, 172, 'Pedro Vilca Apaza', '2025-05-20 20:54:20'),
(1674, 172, 'Quilcapuncu', '2025-05-20 20:54:20'),
(1675, 172, 'Sina', '2025-05-20 20:54:20'),
(1676, 173, 'Juliaca', '2025-05-20 20:54:20'),
(1677, 173, 'Cabana', '2025-05-20 20:54:20'),
(1678, 173, 'Cabanillas', '2025-05-20 20:54:20'),
(1679, 173, 'Caracoto', '2025-05-20 20:54:20'),
(1680, 173, 'San Miguel', '2025-05-20 20:54:20'),
(1681, 174, 'Sandia', '2025-05-20 20:54:20'),
(1682, 174, 'Cuyocuyo', '2025-05-20 20:54:20'),
(1683, 174, 'Limbani', '2025-05-20 20:54:20'),
(1684, 174, 'Patambuco', '2025-05-20 20:54:20'),
(1685, 174, 'Phara', '2025-05-20 20:54:20'),
(1686, 174, 'Quiaca', '2025-05-20 20:54:20'),
(1687, 174, 'San Juan del Oro', '2025-05-20 20:54:20'),
(1688, 174, 'Yanahuaya', '2025-05-20 20:54:20'),
(1689, 174, 'Alto Inambari', '2025-05-20 20:54:20'),
(1690, 174, 'San Pedro de Putina Punco', '2025-05-20 20:54:20'),
(1691, 175, 'Yunguyo', '2025-05-20 20:54:20'),
(1692, 175, 'Anapia', '2025-05-20 20:54:20'),
(1693, 175, 'Copani', '2025-05-20 20:54:20'),
(1694, 175, 'Cuturapi', '2025-05-20 20:54:20'),
(1695, 175, 'Ollaraya', '2025-05-20 20:54:20'),
(1696, 175, 'Tinicachi', '2025-05-20 20:54:20'),
(1697, 175, 'Unicachi', '2025-05-20 20:54:20'),
(1698, 176, 'Moyobamba', '2025-05-20 20:54:20'),
(1699, 176, 'Calzada', '2025-05-20 20:54:20'),
(1700, 176, 'Habana', '2025-05-20 20:54:20'),
(1701, 176, 'Jepelacio', '2025-05-20 20:54:20'),
(1702, 176, 'Soritor', '2025-05-20 20:54:20'),
(1703, 176, 'Yantalo', '2025-05-20 20:54:20'),
(1704, 177, 'Bellavista', '2025-05-20 20:54:20'),
(1705, 177, 'Alto Biavo', '2025-05-20 20:54:20'),
(1706, 177, 'Bajo Biavo', '2025-05-20 20:54:20'),
(1707, 177, 'Huallaga', '2025-05-20 20:54:20'),
(1708, 177, 'San Pablo', '2025-05-20 20:54:20'),
(1709, 177, 'San Rafael', '2025-05-20 20:54:20'),
(1710, 178, 'San José de Sisa', '2025-05-20 20:54:20'),
(1711, 178, 'Agua Blanca', '2025-05-20 20:54:20'),
(1712, 178, 'San Martín', '2025-05-20 20:54:20'),
(1713, 178, 'Santa Rosa', '2025-05-20 20:54:20'),
(1714, 178, 'Shatoja', '2025-05-20 20:54:20'),
(1715, 179, 'Saposoa', '2025-05-20 20:54:20'),
(1716, 179, 'Alto Saposoa', '2025-05-20 20:54:20'),
(1717, 179, 'El Eslabón', '2025-05-20 20:54:20'),
(1718, 179, 'Piscoyacu', '2025-05-20 20:54:20'),
(1719, 179, 'Sacanche', '2025-05-20 20:54:20'),
(1720, 179, 'Tingo de Saposoa', '2025-05-20 20:54:20'),
(1721, 180, 'Lamas', '2025-05-20 20:54:20'),
(1722, 180, 'Alonso de Alvarado', '2025-05-20 20:54:20'),
(1723, 180, 'Barranquita', '2025-05-20 20:54:20'),
(1724, 180, 'Caynarachi', '2025-05-20 20:54:20'),
(1725, 180, 'Cuñumbuqui', '2025-05-20 20:54:20'),
(1726, 180, 'Pinto Recodo', '2025-05-20 20:54:20'),
(1727, 180, 'Rumisapa', '2025-05-20 20:54:20'),
(1728, 180, 'San Roque de Cumbaza', '2025-05-20 20:54:20'),
(1729, 180, 'Shanao', '2025-05-20 20:54:20'),
(1730, 180, 'Tabalosos', '2025-05-20 20:54:20'),
(1731, 180, 'Zapatero', '2025-05-20 20:54:20'),
(1732, 181, 'Juanjuí', '2025-05-20 20:54:20'),
(1733, 181, 'Campanilla', '2025-05-20 20:54:20'),
(1734, 181, 'Huicungo', '2025-05-20 20:54:20'),
(1735, 181, 'Pachiza', '2025-05-20 20:54:20'),
(1736, 181, 'Pajarillo', '2025-05-20 20:54:20'),
(1737, 182, 'Picota', '2025-05-20 20:54:20'),
(1738, 182, 'Buenos Aires', '2025-05-20 20:54:20'),
(1739, 182, 'Caspisapa', '2025-05-20 20:54:20'),
(1740, 182, 'Pilluana', '2025-05-20 20:54:20'),
(1741, 182, 'Pucacaca', '2025-05-20 20:54:20'),
(1742, 182, 'San Cristóbal', '2025-05-20 20:54:20'),
(1743, 182, 'San Hilarión', '2025-05-20 20:54:20'),
(1744, 182, 'Shamboyacu', '2025-05-20 20:54:20'),
(1745, 182, 'Tingo de Ponasa', '2025-05-20 20:54:20'),
(1746, 182, 'Tres Unidos', '2025-05-20 20:54:20'),
(1747, 183, 'Rioja', '2025-05-20 20:54:20'),
(1748, 183, 'Awajun', '2025-05-20 20:54:20'),
(1749, 183, 'Elías Soplín Vargas', '2025-05-20 20:54:20'),
(1750, 183, 'Nueva Cajamarca', '2025-05-20 20:54:20'),
(1751, 183, 'Pardo Miguel', '2025-05-20 20:54:20'),
(1752, 183, 'Posic', '2025-05-20 20:54:20'),
(1753, 183, 'San Fernando', '2025-05-20 20:54:20'),
(1754, 183, 'Yorongos', '2025-05-20 20:54:20'),
(1755, 183, 'Yuracyacu', '2025-05-20 20:54:20'),
(1756, 184, 'Tarapoto', '2025-05-20 20:54:20'),
(1757, 184, 'Alberto Leveau', '2025-05-20 20:54:20'),
(1758, 184, 'Cacatachi', '2025-05-20 20:54:20'),
(1759, 184, 'Chazuta', '2025-05-20 20:54:20'),
(1760, 184, 'Chipurana', '2025-05-20 20:54:20'),
(1761, 184, 'El Porvenir', '2025-05-20 20:54:20'),
(1762, 184, 'Huimbayoc', '2025-05-20 20:54:20'),
(1763, 184, 'Juan Guerra', '2025-05-20 20:54:20'),
(1764, 184, 'La Banda de Shilcayo', '2025-05-20 20:54:20'),
(1765, 184, 'Morales', '2025-05-20 20:54:20'),
(1766, 184, 'Papaplaya', '2025-05-20 20:54:20'),
(1767, 184, 'San Antonio', '2025-05-20 20:54:20'),
(1768, 184, 'Sauce', '2025-05-20 20:54:20'),
(1769, 184, 'Shapaja', '2025-05-20 20:54:20'),
(1770, 185, 'Tocache', '2025-05-20 20:54:20'),
(1771, 185, 'Nuevo Progreso', '2025-05-20 20:54:20'),
(1772, 185, 'Polvora', '2025-05-20 20:54:20'),
(1773, 185, 'Shunte', '2025-05-20 20:54:20'),
(1774, 185, 'Uchiza', '2025-05-20 20:54:20'),
(1775, 186, 'Tacna', '2025-05-20 20:54:21'),
(1776, 186, 'Alto de la Alianza', '2025-05-20 20:54:21'),
(1777, 186, 'Calana', '2025-05-20 20:54:21'),
(1778, 186, 'Ciudad Nueva', '2025-05-20 20:54:21'),
(1779, 186, 'Inclan', '2025-05-20 20:54:21'),
(1780, 186, 'Pachia', '2025-05-20 20:54:21'),
(1781, 186, 'Palca', '2025-05-20 20:54:21'),
(1782, 186, 'Pocollay', '2025-05-20 20:54:21'),
(1783, 186, 'Sama', '2025-05-20 20:54:21'),
(1784, 186, 'Coronel Gregorio Albarracín Lanchipa', '2025-05-20 20:54:21'),
(1785, 187, 'Candarave', '2025-05-20 20:54:21'),
(1786, 187, 'Cairani', '2025-05-20 20:54:21'),
(1787, 187, 'Camilaca', '2025-05-20 20:54:21'),
(1788, 187, 'Curibaya', '2025-05-20 20:54:21'),
(1789, 187, 'Huanuara', '2025-05-20 20:54:21'),
(1790, 187, 'Quilahuani', '2025-05-20 20:54:21'),
(1791, 188, 'Locumba', '2025-05-20 20:54:21'),
(1792, 188, 'Ilabaya', '2025-05-20 20:54:21'),
(1793, 188, 'Ite', '2025-05-20 20:54:21'),
(1794, 189, 'Tarata', '2025-05-20 20:54:21'),
(1795, 189, 'Héroes Albarracín', '2025-05-20 20:54:21'),
(1796, 189, 'Estique', '2025-05-20 20:54:21'),
(1797, 189, 'Estique-Pampa', '2025-05-20 20:54:21'),
(1798, 189, 'Sitajara', '2025-05-20 20:54:21'),
(1799, 189, 'Susapaya', '2025-05-20 20:54:21'),
(1800, 189, 'Ticaco', '2025-05-20 20:54:21'),
(1801, 190, 'Tumbes', '2025-05-20 20:54:21'),
(1802, 190, 'Corrales', '2025-05-20 20:54:21'),
(1803, 190, 'La Cruz', '2025-05-20 20:54:21'),
(1804, 190, 'Pampas de Hospital', '2025-05-20 20:54:21'),
(1805, 190, 'San Jacinto', '2025-05-20 20:54:21'),
(1806, 190, 'San Juan de la Virgen', '2025-05-20 20:54:21'),
(1807, 191, 'Zorritos', '2025-05-20 20:54:21'),
(1808, 191, 'Casitas', '2025-05-20 20:54:21'),
(1809, 191, 'Canoas de Punta Sal', '2025-05-20 20:54:21'),
(1810, 192, 'Zarumilla', '2025-05-20 20:54:21'),
(1811, 192, 'Aguas Verdes', '2025-05-20 20:54:21'),
(1812, 192, 'Matapalo', '2025-05-20 20:54:21'),
(1813, 192, 'Papayal', '2025-05-20 20:54:21'),
(2980, 193, 'Callería', '2025-05-20 21:01:21'),
(2981, 193, 'Campoverde', '2025-05-20 21:01:21'),
(2982, 193, 'Iparía', '2025-05-20 21:01:21'),
(2983, 193, 'Masisea', '2025-05-20 21:01:21'),
(2984, 193, 'Yarinacocha', '2025-05-20 21:01:21'),
(2985, 193, 'Nueva Requena', '2025-05-20 21:01:21'),
(2986, 194, 'Raymondi', '2025-05-20 21:01:21'),
(2987, 194, 'Sepahua', '2025-05-20 21:01:21'),
(2988, 194, 'Tahuanía', '2025-05-20 21:01:21'),
(2989, 194, 'Yurúa', '2025-05-20 21:01:21'),
(2990, 195, 'Padre Abad', '2025-05-20 21:01:21'),
(2991, 195, 'Irazola', '2025-05-20 21:01:21'),
(2992, 195, 'Curimaná', '2025-05-20 21:01:21'),
(2993, 196, 'Purus', '2025-05-20 21:01:21');

-- --------------------------------------------------------

--
-- Estructura de tabla para la tabla `media`
--

CREATE TABLE `media` (
  `id` int(11) NOT NULL,
  `profile_id` int(11) NOT NULL,
  `media_type` enum('photo','video') NOT NULL,
  `filename` varchar(255) NOT NULL,
  `order_num` int(11) DEFAULT 0,
  `is_primary` tinyint(1) DEFAULT 0,
  `created_at` timestamp NOT NULL DEFAULT current_timestamp()
) ENGINE=InnoDB DEFAULT CHARSET=utf8mb4 COLLATE=utf8mb4_general_ci;

--
-- Volcado de datos para la tabla `media`
--

INSERT INTO `media` (`id`, `profile_id`, `media_type`, `filename`, `order_num`, `is_primary`, `created_at`) VALUES
(1, 1, 'photo', 'photo_6826a38b3f0a5.jpg', 0, 0, '2025-05-16 02:31:39'),
(3, 1, 'video', 'video_6826a4c21fd00.mp4', 0, 0, '2025-05-16 02:36:50'),
(4, 1, 'photo', 'photo_6826ad48944fc.jpg', 1, 1, '2025-05-16 03:13:12');

-- --------------------------------------------------------

--
-- Estructura de tabla para la tabla `payments`
--

CREATE TABLE `payments` (
  `id` int(11) NOT NULL,
  `user_id` int(11) NOT NULL,
  `plan_id` int(11) NOT NULL,
  `amount` decimal(10,2) NOT NULL,
  `currency` varchar(3) DEFAULT 'PEN',
  `payment_method` varchar(50) NOT NULL COMMENT 'card, yape, etc',
  `transaction_id` varchar(100) DEFAULT NULL,
  `payment_status` enum('pending','processing','completed','failed','refunded') DEFAULT 'pending',
  `izipay_session_id` varchar(100) DEFAULT NULL,
  `error_message` text DEFAULT NULL,
  `created_at` timestamp NOT NULL DEFAULT current_timestamp(),
  `updated_at` timestamp NOT NULL DEFAULT current_timestamp() ON UPDATE current_timestamp()
) ENGINE=InnoDB DEFAULT CHARSET=utf8mb4 COLLATE=utf8mb4_general_ci;

-- --------------------------------------------------------

--
-- Estructura de tabla para la tabla `plans`
--

CREATE TABLE `plans` (
  `id` int(11) NOT NULL,
  `name` varchar(100) NOT NULL,
  `user_type` enum('advertiser','visitor') NOT NULL,
  `duration` int(11) NOT NULL COMMENT 'Duration in days',
  `price` decimal(10,2) NOT NULL,
  `max_photos` int(11) DEFAULT NULL,
  `max_videos` int(11) DEFAULT NULL,
  `featured` tinyint(1) DEFAULT 0,
  `description` text DEFAULT NULL,
  `created_at` timestamp NOT NULL DEFAULT current_timestamp(),
  `updated_at` timestamp NOT NULL DEFAULT current_timestamp() ON UPDATE current_timestamp()
) ENGINE=InnoDB DEFAULT CHARSET=utf8mb4 COLLATE=utf8mb4_general_ci;

--
-- Volcado de datos para la tabla `plans`
--

INSERT INTO `plans` (`id`, `name`, `user_type`, `duration`, `price`, `max_photos`, `max_videos`, `featured`, `description`, `created_at`, `updated_at`) VALUES
(1, 'Plan Básico', 'advertiser', 30, 50.00, 2, 1, 0, 'Plan básico para anunciantes\nIdeal para comenzar', '2025-05-14 19:37:56', '2025-05-14 19:37:56'),
(2, 'Plan Premium', 'advertiser', 30, 100.00, 5, 2, 1, 'Plan premium con mayores beneficios\nPerfil destacado en búsquedas', '2025-05-14 19:37:56', '2025-05-14 19:37:56'),
(3, 'Plan VIP', 'advertiser', 30, 150.00, 8, 3, 0, 'Plan exclusivo con todos los beneficios\nMáxima visibilidad y prioridad', '2025-05-14 19:37:56', '2025-05-14 19:37:56'),
(4, 'Plan Trimestral', 'advertiser', 90, 250.00, 12, 5, 0, 'Plan por 3 meses con descuento\r\nMismos beneficios que el Premiumssss', '2025-05-14 19:37:56', '2025-05-16 02:51:56'),
(5, 'Acceso Básico', 'visitor', 5, 5.00, NULL, NULL, 1, 'Acceso básico por 15 días\r\nIdeal para probar el servicio', '2025-05-14 19:37:56', '2025-05-20 18:50:00'),
(6, 'Acceso Mensual', 'visitor', 30, 15.00, NULL, NULL, 1, 'Acceso completo por 30 días\nMejor relación calidad-precio', '2025-05-14 19:37:56', '2025-05-14 19:37:56'),
(7, 'Acceso Trimestral', 'visitor', 90, 35.00, NULL, NULL, 0, 'Acceso completo por 90 días\nAhorra con esta suscripción', '2025-05-14 19:37:56', '2025-05-14 19:37:56'),
(9, 'Plan Gratuito', 'advertiser', 14, 0.00, 1, 0, 0, 'Plan Gratuito por 14 días. ', '2025-05-16 02:58:42', '2025-05-16 02:59:32');

-- --------------------------------------------------------

--
-- Estructura de tabla para la tabla `profiles`
--

CREATE TABLE `profiles` (
  `id` int(11) NOT NULL,
  `user_id` int(11) NOT NULL,
  `name` varchar(100) NOT NULL,
  `gender` enum('female','male','trans') NOT NULL,
  `description` text DEFAULT NULL,
  `whatsapp` varchar(20) DEFAULT NULL,
  `province_id` int(11) DEFAULT NULL,
  `district_id` int(11) DEFAULT NULL,
  `location` varchar(255) DEFAULT NULL,
  `schedule` text DEFAULT NULL,
  `is_verified` tinyint(1) DEFAULT 0,
  `views` int(11) DEFAULT 0,
  `whatsapp_clicks` int(11) DEFAULT 0,
  `created_at` timestamp NOT NULL DEFAULT current_timestamp(),
  `updated_at` timestamp NOT NULL DEFAULT current_timestamp() ON UPDATE current_timestamp()
) ENGINE=InnoDB DEFAULT CHARSET=utf8mb4 COLLATE=utf8mb4_general_ci;

--
-- Volcado de datos para la tabla `profiles`
--

INSERT INTO `profiles` (`id`, `user_id`, `name`, `gender`, `description`, `whatsapp`, `province_id`, `district_id`, `location`, `schedule`, `is_verified`, `views`, `whatsapp_clicks`, `created_at`, `updated_at`) VALUES
(1, 2, 'María López', 'female', 'Hola, soy María. Ofrezco compañía de calidad para caballeros respetuosos. Contacta para más detalles.', '982226893', NULL, NULL, 'Miraflores', 'Lunes a Viernes: 10am - 8pm\r\nSábado: 12pm - 6pm', 1, 68, 0, '2025-05-14 19:38:05', '2025-05-20 18:51:16'),
(2, 3, 'Juan Pérez', 'male', 'Soy Juan, ofrezco compañía masculina de calidad. Discreto y respetuoso.', '51952345678', NULL, NULL, 'San Isidro', 'Lunes a Sábado: 2pm - 10pm', 1, 0, 0, '2025-05-14 19:38:05', '2025-05-14 19:38:05'),
(3, 4, 'Alex Vargas', 'trans', 'Hola, soy Alex. Bella trans ofreciendo experiencias inolvidables.', '51953456789', NULL, NULL, 'San Borja', 'Todos los días: 12pm - 12am', 0, 0, 0, '2025-05-14 19:38:05', '2025-05-16 00:39:00');

-- --------------------------------------------------------

--
-- Estructura de tabla para la tabla `provinces`
--

CREATE TABLE `provinces` (
  `id` int(11) NOT NULL,
  `name` varchar(100) NOT NULL,
  `created_at` timestamp NOT NULL DEFAULT current_timestamp()
) ENGINE=InnoDB DEFAULT CHARSET=utf8mb4 COLLATE=utf8mb4_general_ci;

--
-- Volcado de datos para la tabla `provinces`
--

INSERT INTO `provinces` (`id`, `name`, `created_at`) VALUES
(1, 'Chachapoyas', '2025-05-20 19:49:54'),
(2, 'Bagua', '2025-05-20 19:49:54'),
(3, 'Bongará', '2025-05-20 19:49:54'),
(4, 'Condorcanqui', '2025-05-20 19:49:54'),
(5, 'Luya', '2025-05-20 19:49:54'),
(6, 'Rodríguez de Mendoza', '2025-05-20 19:49:54'),
(7, 'Utcubamba', '2025-05-20 19:49:54'),
(8, 'Huaraz', '2025-05-20 19:49:54'),
(9, 'Aija', '2025-05-20 19:49:54'),
(10, 'Antonio Raymondi', '2025-05-20 19:49:54'),
(11, 'Asunción', '2025-05-20 19:49:54'),
(12, 'Bolognesi', '2025-05-20 19:49:54'),
(13, 'Carhuaz', '2025-05-20 19:49:54'),
(14, 'Carlos Fermín Fitzcarrald', '2025-05-20 19:49:54'),
(15, 'Casma', '2025-05-20 19:49:54'),
(16, 'Corongo', '2025-05-20 19:49:54'),
(17, 'Huari', '2025-05-20 19:49:54'),
(18, 'Huarmey', '2025-05-20 19:49:54'),
(19, 'Huaylas', '2025-05-20 19:49:54'),
(20, 'Mariscal Luzuriaga', '2025-05-20 19:49:54'),
(21, 'Ocros', '2025-05-20 19:49:54'),
(22, 'Pallasca', '2025-05-20 19:49:54'),
(23, 'Pomabamba', '2025-05-20 19:49:54'),
(24, 'Recuay', '2025-05-20 19:49:54'),
(25, 'Santa', '2025-05-20 19:49:54'),
(26, 'Sihuas', '2025-05-20 19:49:54'),
(27, 'Yungay', '2025-05-20 19:49:54'),
(28, 'Abancay', '2025-05-20 19:49:54'),
(29, 'Andahuaylas', '2025-05-20 19:49:54'),
(30, 'Antabamba', '2025-05-20 19:49:54'),
(31, 'Aymaraes', '2025-05-20 19:49:54'),
(32, 'Cotabambas', '2025-05-20 19:49:54'),
(33, 'Chincheros', '2025-05-20 19:49:54'),
(34, 'Grau', '2025-05-20 19:49:54'),
(35, 'Arequipa', '2025-05-20 19:49:54'),
(36, 'Camaná', '2025-05-20 19:49:54'),
(37, 'Caravelí', '2025-05-20 19:49:54'),
(38, 'Castilla', '2025-05-20 19:49:54'),
(39, 'Caylloma', '2025-05-20 19:49:54'),
(40, 'Condesuyos', '2025-05-20 19:49:54'),
(41, 'Islay', '2025-05-20 19:49:54'),
(42, 'La Unión', '2025-05-20 19:49:54'),
(43, 'Huamanga', '2025-05-20 19:49:54'),
(44, 'Cangallo', '2025-05-20 19:49:54'),
(45, 'Huanca Sancos', '2025-05-20 19:49:54'),
(46, 'Huanta', '2025-05-20 19:49:54'),
(47, 'La Mar', '2025-05-20 19:49:54'),
(48, 'Lucanas', '2025-05-20 19:49:54'),
(49, 'Parinacochas', '2025-05-20 19:49:54'),
(50, 'Páucar del Sara Sara', '2025-05-20 19:49:54'),
(51, 'Sucre', '2025-05-20 19:49:54'),
(52, 'Víctor Fajardo', '2025-05-20 19:49:54'),
(53, 'Vilcas Huamán', '2025-05-20 19:49:54'),
(54, 'Cajamarca', '2025-05-20 19:49:54'),
(55, 'Cajabamba', '2025-05-20 19:49:54'),
(56, 'Celendín', '2025-05-20 19:49:54'),
(57, 'Chota', '2025-05-20 19:49:54'),
(58, 'Contumazá', '2025-05-20 19:49:54'),
(59, 'Cutervo', '2025-05-20 19:49:54'),
(60, 'Hualgayoc', '2025-05-20 19:49:54'),
(61, 'Jaén', '2025-05-20 19:49:54'),
(62, 'San Ignacio', '2025-05-20 19:49:54'),
(63, 'San Marcos', '2025-05-20 19:49:54'),
(64, 'San Miguel', '2025-05-20 19:49:54'),
(65, 'San Pablo', '2025-05-20 19:49:54'),
(66, 'Santa Cruz', '2025-05-20 19:49:54'),
(67, 'Prov. Const. del Callao', '2025-05-20 19:49:54'),
(68, 'Cusco', '2025-05-20 19:49:54'),
(69, 'Acomayo', '2025-05-20 19:49:54'),
(70, 'Anta', '2025-05-20 19:49:54'),
(71, 'Calca', '2025-05-20 19:49:54'),
(72, 'Canas', '2025-05-20 19:49:54'),
(73, 'Canchis', '2025-05-20 19:49:54'),
(74, 'Chumbivilcas', '2025-05-20 19:49:54'),
(75, 'Espinar', '2025-05-20 19:49:54'),
(76, 'La Convención', '2025-05-20 19:49:54'),
(77, 'Paruro', '2025-05-20 19:49:54'),
(78, 'Paucartambo', '2025-05-20 19:49:54'),
(79, 'Quispicanchi', '2025-05-20 19:49:54'),
(80, 'Urubamba', '2025-05-20 19:49:54'),
(81, 'Huancavelica', '2025-05-20 19:49:54'),
(82, 'Acobamba', '2025-05-20 19:49:54'),
(83, 'Angaraes', '2025-05-20 19:49:54'),
(84, 'Castrovirreyna', '2025-05-20 19:49:54'),
(85, 'Churcampa', '2025-05-20 19:49:54'),
(86, 'Huaytará', '2025-05-20 19:49:54'),
(87, 'Tayacaja', '2025-05-20 19:49:54'),
(88, 'Huánuco', '2025-05-20 19:49:54'),
(89, 'Ambo', '2025-05-20 19:49:54'),
(90, 'Dos de Mayo', '2025-05-20 19:49:54'),
(91, 'Huacaybamba', '2025-05-20 19:49:54'),
(92, 'Huamalíes', '2025-05-20 19:49:54'),
(93, 'Leoncio Prado', '2025-05-20 19:49:54'),
(94, 'Marañón', '2025-05-20 19:49:54'),
(95, 'Pachitea', '2025-05-20 19:49:54'),
(96, 'Puerto Inca', '2025-05-20 19:49:54'),
(97, 'Lauricocha', '2025-05-20 19:49:54'),
(98, 'Yarowilca', '2025-05-20 19:49:54'),
(99, 'Ica', '2025-05-20 19:49:54'),
(100, 'Chincha', '2025-05-20 19:49:54'),
(101, 'Nasca', '2025-05-20 19:49:54'),
(102, 'Palpa', '2025-05-20 19:49:54'),
(103, 'Pisco', '2025-05-20 19:49:54'),
(104, 'Huancayo', '2025-05-20 19:49:54'),
(105, 'Concepción', '2025-05-20 19:49:54'),
(106, 'Chanchamayo', '2025-05-20 19:49:54'),
(107, 'Jauja', '2025-05-20 19:49:54'),
(108, 'Junín', '2025-05-20 19:49:54'),
(109, 'Satipo', '2025-05-20 19:49:54'),
(110, 'Tarma', '2025-05-20 19:49:54'),
(111, 'Yauli', '2025-05-20 19:49:54'),
(112, 'Chupaca', '2025-05-20 19:49:54'),
(113, 'Trujillo', '2025-05-20 19:49:54'),
(114, 'Ascope', '2025-05-20 19:49:54'),
(115, 'Bolívar', '2025-05-20 19:49:54'),
(116, 'Chepén', '2025-05-20 19:49:54'),
(117, 'Gran Chimú', '2025-05-20 19:49:54'),
(118, 'Julcán', '2025-05-20 19:49:54'),
(119, 'Otuzco', '2025-05-20 19:49:54'),
(120, 'Pacasmayo', '2025-05-20 19:49:54'),
(121, 'Pataz', '2025-05-20 19:49:54'),
(122, 'Sánchez Carrión', '2025-05-20 19:49:54'),
(123, 'Santiago de Chuco', '2025-05-20 19:49:54'),
(124, 'Virú', '2025-05-20 19:49:54'),
(125, 'Chiclayo', '2025-05-20 19:49:54'),
(126, 'Ferreñafe', '2025-05-20 19:49:54'),
(127, 'Lambayeque', '2025-05-20 19:49:54'),
(128, 'Lima', '2025-05-20 19:49:54'),
(129, 'Barranca', '2025-05-20 19:49:54'),
(130, 'Cajatambo', '2025-05-20 19:49:54'),
(131, 'Canta', '2025-05-20 19:49:54'),
(132, 'Cañete', '2025-05-20 19:49:54'),
(133, 'Huaral', '2025-05-20 19:49:54'),
(134, 'Huarochirí', '2025-05-20 19:49:54'),
(135, 'Huaura', '2025-05-20 19:49:54'),
(136, 'Oyón', '2025-05-20 19:49:54'),
(137, 'Yauyos', '2025-05-20 19:49:54'),
(138, 'Maynas', '2025-05-20 19:49:54'),
(139, 'Alto Amazonas', '2025-05-20 19:49:54'),
(140, 'Loreto', '2025-05-20 19:49:54'),
(141, 'Mariscal Ramón Castilla', '2025-05-20 19:49:54'),
(142, 'Requena', '2025-05-20 19:49:54'),
(143, 'Ucayali', '2025-05-20 19:49:54'),
(144, 'Datem del Marañón', '2025-05-20 19:49:54'),
(145, 'Putumayo', '2025-05-20 19:49:54'),
(146, 'Tambopata', '2025-05-20 19:49:54'),
(147, 'Manu', '2025-05-20 19:49:54'),
(148, 'Tahuamanu', '2025-05-20 19:49:54'),
(149, 'Mariscal Nieto', '2025-05-20 19:49:54'),
(150, 'General Sánchez Cerro', '2025-05-20 19:49:54'),
(151, 'Ilo', '2025-05-20 19:49:54'),
(152, 'Pasco', '2025-05-20 19:49:54'),
(153, 'Daniel Alcides Carrión', '2025-05-20 19:49:54'),
(154, 'Oxapampa', '2025-05-20 19:49:54'),
(155, 'Piura', '2025-05-20 19:49:54'),
(156, 'Ayabaca', '2025-05-20 19:49:54'),
(157, 'Huancabamba', '2025-05-20 19:49:54'),
(158, 'Morropón', '2025-05-20 19:49:54'),
(159, 'Paita', '2025-05-20 19:49:54'),
(160, 'Sechura', '2025-05-20 19:49:54'),
(161, 'Sullana', '2025-05-20 19:49:54'),
(162, 'Talara', '2025-05-20 19:49:54'),
(163, 'Puno', '2025-05-20 19:49:54'),
(164, 'Azángaro', '2025-05-20 19:49:54'),
(165, 'Carabaya', '2025-05-20 19:49:54'),
(166, 'Chucuito', '2025-05-20 19:49:54'),
(167, 'El Collao', '2025-05-20 19:49:54'),
(168, 'Huancané', '2025-05-20 19:49:54'),
(169, 'Lampa', '2025-05-20 19:49:54'),
(170, 'Melgar', '2025-05-20 19:49:54'),
(171, 'Moho', '2025-05-20 19:49:54'),
(172, 'San Antonio de Putina', '2025-05-20 19:49:54'),
(173, 'San Román', '2025-05-20 19:49:54'),
(174, 'Sandia', '2025-05-20 19:49:54'),
(175, 'Yunguyo', '2025-05-20 19:49:54'),
(176, 'Moyobamba', '2025-05-20 19:49:54'),
(177, 'Bellavista', '2025-05-20 19:49:54'),
(178, 'El Dorado', '2025-05-20 19:49:54'),
(179, 'Huallaga', '2025-05-20 19:49:54'),
(180, 'Lamas', '2025-05-20 19:49:54'),
(181, 'Mariscal Cáceres', '2025-05-20 19:49:54'),
(182, 'Picota', '2025-05-20 19:49:54'),
(183, 'Rioja', '2025-05-20 19:49:54'),
(184, 'San Martín', '2025-05-20 19:49:54'),
(185, 'Tocache', '2025-05-20 19:49:54'),
(186, 'Tacna', '2025-05-20 19:49:54'),
(187, 'Candarave', '2025-05-20 19:49:54'),
(188, 'Jorge Basadre', '2025-05-20 19:49:54'),
(189, 'Tarata', '2025-05-20 19:49:54'),
(190, 'Tumbes', '2025-05-20 19:49:54'),
(191, 'Contralmirante Villar', '2025-05-20 19:49:54'),
(192, 'Zarumilla', '2025-05-20 19:49:54'),
(193, 'Coronel Portillo', '2025-05-20 19:49:54'),
(194, 'Atalaya', '2025-05-20 19:49:54'),
(195, 'Padre Abad', '2025-05-20 19:49:54'),
(196, 'Purús', '2025-05-20 19:49:54');

-- --------------------------------------------------------

--
-- Estructura de tabla para la tabla `rates`
--

CREATE TABLE `rates` (
  `id` int(11) NOT NULL,
  `profile_id` int(11) NOT NULL,
  `rate_type` enum('hour','half_hour','extra') NOT NULL,
  `description` varchar(255) DEFAULT NULL,
  `price` decimal(10,2) NOT NULL,
  `created_at` timestamp NOT NULL DEFAULT current_timestamp(),
  `updated_at` timestamp NOT NULL DEFAULT current_timestamp() ON UPDATE current_timestamp()
) ENGINE=InnoDB DEFAULT CHARSET=utf8mb4 COLLATE=utf8mb4_general_ci;

--
-- Volcado de datos para la tabla `rates`
--

INSERT INTO `rates` (`id`, `profile_id`, `rate_type`, `description`, `price`, `created_at`, `updated_at`) VALUES
(1, 1, 'hour', '1/2 Hora', 100.00, '2025-05-14 19:38:13', '2025-05-17 15:31:21'),
(2, 1, 'half_hour', '1 Hora', 150.00, '2025-05-14 19:38:13', '2025-05-17 15:31:21'),
(3, 1, 'extra', 'Servicios especiales', 50.00, '2025-05-14 19:38:13', '2025-05-14 19:38:13'),
(4, 2, 'hour', 'Hora completa', 120.00, '2025-05-14 19:38:13', '2025-05-14 19:38:13'),
(5, 2, 'half_hour', 'Media hora', 80.00, '2025-05-14 19:38:13', '2025-05-14 19:38:13'),
(6, 3, 'hour', 'Hora completa', 180.00, '2025-05-14 19:38:13', '2025-05-14 19:38:13'),
(7, 3, 'half_hour', 'Media hora', 110.00, '2025-05-14 19:38:13', '2025-05-14 19:38:13'),
(8, 3, 'extra', 'Servicios especiales', 70.00, '2025-05-14 19:38:13', '2025-05-14 19:38:13');

-- --------------------------------------------------------

--
-- Estructura de tabla para la tabla `stats`
--

CREATE TABLE `stats` (
  `id` int(11) NOT NULL,
  `profile_id` int(11) DEFAULT NULL,
  `action_type` enum('view','whatsapp_click') NOT NULL,
  `ip_address` varchar(50) DEFAULT NULL,
  `user_agent` text DEFAULT NULL,
  `visitor_id` int(11) DEFAULT NULL,
  `created_at` timestamp NOT NULL DEFAULT current_timestamp()
) ENGINE=InnoDB DEFAULT CHARSET=utf8mb4 COLLATE=utf8mb4_general_ci;

-- --------------------------------------------------------

--
-- Estructura de tabla para la tabla `subscriptions`
--

CREATE TABLE `subscriptions` (
  `id` int(11) NOT NULL,
  `user_id` int(11) NOT NULL,
  `plan_id` int(11) NOT NULL,
  `payment_id` int(11) DEFAULT NULL,
  `status` enum('trial','active','expired','cancelled') DEFAULT 'trial',
  `start_date` datetime NOT NULL,
  `end_date` datetime NOT NULL,
  `auto_renew` tinyint(1) DEFAULT 0,
  `created_at` timestamp NOT NULL DEFAULT current_timestamp(),
  `updated_at` timestamp NOT NULL DEFAULT current_timestamp() ON UPDATE current_timestamp()
) ENGINE=InnoDB DEFAULT CHARSET=utf8mb4 COLLATE=utf8mb4_general_ci;

--
-- Volcado de datos para la tabla `subscriptions`
--

INSERT INTO `subscriptions` (`id`, `user_id`, `plan_id`, `payment_id`, `status`, `start_date`, `end_date`, `auto_renew`, `created_at`, `updated_at`) VALUES
(1, 2, 1, NULL, 'active', '2025-05-14 14:38:22', '2025-06-23 14:38:22', 0, '2025-05-14 19:38:22', '2025-05-17 19:34:52'),
(2, 5, 5, NULL, 'active', '2025-05-14 14:38:22', '2025-05-26 14:38:22', 0, '2025-05-14 19:38:22', '2025-05-17 19:35:14'),
(3, 10, 1, NULL, 'trial', '2025-05-20 13:56:52', '2025-06-04 13:56:52', 0, '2025-05-20 18:56:52', '2025-05-20 18:56:52');

-- --------------------------------------------------------

--
-- Estructura de tabla para la tabla `users`
--

CREATE TABLE `users` (
  `id` int(11) NOT NULL,
  `phone` varchar(20) NOT NULL,
  `email` varchar(100) DEFAULT NULL,
  `password` varchar(255) NOT NULL,
  `user_type` enum('admin','advertiser','visitor') NOT NULL,
  `status` enum('pending','active','suspended','deleted') DEFAULT 'pending',
  `phone_verified` tinyint(1) DEFAULT 0,
  `email_verified` tinyint(1) DEFAULT 0,
  `verification_code` varchar(10) DEFAULT NULL,
  `verification_expires` datetime DEFAULT NULL,
  `last_login` datetime DEFAULT NULL,
  `created_at` timestamp NOT NULL DEFAULT current_timestamp(),
  `updated_at` timestamp NOT NULL DEFAULT current_timestamp() ON UPDATE current_timestamp()
) ENGINE=InnoDB DEFAULT CHARSET=utf8mb4 COLLATE=utf8mb4_general_ci;

--
-- Volcado de datos para la tabla `users`
--

INSERT INTO `users` (`id`, `phone`, `email`, `password`, `user_type`, `status`, `phone_verified`, `email_verified`, `verification_code`, `verification_expires`, `last_login`, `created_at`, `updated_at`) VALUES
(1, '999999999', 'admin@example.com', '$2y$10$92IXUNpkjO0rOQ5byMi.Ye4oKoEa3Ro9llC/.og/at2.uheWG/igi', 'admin', 'active', 1, 1, NULL, NULL, '2025-05-17 14:36:33', '2025-05-14 19:37:20', '2025-05-17 19:36:33'),
(2, '951234567', 'maria@example.com', '$2y$10$92IXUNpkjO0rOQ5byMi.Ye4oKoEa3Ro9llC/.og/at2.uheWG/igi', 'advertiser', 'active', 1, 1, NULL, NULL, '2025-05-17 10:31:01', '2025-05-14 19:37:35', '2025-05-17 15:31:01'),
(3, '952345678', 'juan@example.com', '$2y$10$92IXUNpkjO0rOQ5byMi.Ye4oKoEa3Ro9llC/.og/at2.uheWG/igi', 'advertiser', 'active', 1, 1, NULL, NULL, NULL, '2025-05-14 19:37:35', '2025-05-14 19:37:35'),
(4, '953456789', 'alex@example.com', '$2y$10$92IXUNpkjO0rOQ5byMi.Ye4oKoEa3Ro9llC/.og/at2.uheWG/igi', 'advertiser', 'active', 1, 1, NULL, NULL, NULL, '2025-05-14 19:37:35', '2025-05-16 00:48:40'),
(5, '959876543', 'cliente@gmail.com', '$2y$10$92IXUNpkjO0rOQ5byMi.Ye4oKoEa3Ro9llC/.og/at2.uheWG/igi', 'visitor', 'active', 1, 1, NULL, NULL, '2025-05-17 14:33:56', '2025-05-14 19:37:45', '2025-05-17 19:33:56'),
(10, '51982226835', 'nilson.jhonny@gmail.com', '$2y$10$cFUsGEEIgbeXpkD7Gu7m2.YnCM1VBCKdXCiM/tSNHBxCfP4KBYPiC', 'advertiser', 'active', 1, 0, '878619', '2025-05-21 13:56:52', '2025-05-20 13:57:04', '2025-05-20 18:56:52', '2025-05-20 18:57:04');

-- --------------------------------------------------------

--
-- Estructura de tabla para la tabla `verification_logs`
--

CREATE TABLE `verification_logs` (
  `id` int(11) NOT NULL,
  `user_id` int(11) NOT NULL,
  `verification_type` enum('id_card','selfie','document') NOT NULL,
  `status` enum('pending','approved','rejected') DEFAULT 'pending',
  `notes` text DEFAULT NULL,
  `verified_by` int(11) DEFAULT NULL,
  `document_path` varchar(255) DEFAULT NULL,
  `created_at` timestamp NOT NULL DEFAULT current_timestamp(),
  `updated_at` timestamp NOT NULL DEFAULT current_timestamp() ON UPDATE current_timestamp()
) ENGINE=InnoDB DEFAULT CHARSET=utf8mb4 COLLATE=utf8mb4_general_ci;

--
-- Índices para tablas volcadas
--

--
-- Indices de la tabla `districts`
--
ALTER TABLE `districts`
  ADD PRIMARY KEY (`id`),
  ADD UNIQUE KEY `province_id` (`province_id`,`name`);

--
-- Indices de la tabla `media`
--
ALTER TABLE `media`
  ADD PRIMARY KEY (`id`),
  ADD KEY `profile_id` (`profile_id`);

--
-- Indices de la tabla `payments`
--
ALTER TABLE `payments`
  ADD PRIMARY KEY (`id`),
  ADD KEY `user_id` (`user_id`),
  ADD KEY `plan_id` (`plan_id`);

--
-- Indices de la tabla `plans`
--
ALTER TABLE `plans`
  ADD PRIMARY KEY (`id`);

--
-- Indices de la tabla `profiles`
--
ALTER TABLE `profiles`
  ADD PRIMARY KEY (`id`),
  ADD KEY `user_id` (`user_id`),
  ADD KEY `fk_profiles_province` (`province_id`),
  ADD KEY `fk_profiles_district` (`district_id`);

--
-- Indices de la tabla `provinces`
--
ALTER TABLE `provinces`
  ADD PRIMARY KEY (`id`),
  ADD UNIQUE KEY `name` (`name`);

--
-- Indices de la tabla `rates`
--
ALTER TABLE `rates`
  ADD PRIMARY KEY (`id`),
  ADD KEY `profile_id` (`profile_id`);

--
-- Indices de la tabla `stats`
--
ALTER TABLE `stats`
  ADD PRIMARY KEY (`id`),
  ADD KEY `profile_id` (`profile_id`),
  ADD KEY `visitor_id` (`visitor_id`);

--
-- Indices de la tabla `subscriptions`
--
ALTER TABLE `subscriptions`
  ADD PRIMARY KEY (`id`),
  ADD KEY `user_id` (`user_id`),
  ADD KEY `plan_id` (`plan_id`),
  ADD KEY `payment_id` (`payment_id`);

--
-- Indices de la tabla `users`
--
ALTER TABLE `users`
  ADD PRIMARY KEY (`id`),
  ADD UNIQUE KEY `phone` (`phone`),
  ADD UNIQUE KEY `email` (`email`);

--
-- Indices de la tabla `verification_logs`
--
ALTER TABLE `verification_logs`
  ADD PRIMARY KEY (`id`),
  ADD KEY `user_id` (`user_id`),
  ADD KEY `verified_by` (`verified_by`);

--
-- AUTO_INCREMENT de las tablas volcadas
--

--
-- AUTO_INCREMENT de la tabla `districts`
--
ALTER TABLE `districts`
  MODIFY `id` int(11) NOT NULL AUTO_INCREMENT, AUTO_INCREMENT=3007;

--
-- AUTO_INCREMENT de la tabla `media`
--
ALTER TABLE `media`
  MODIFY `id` int(11) NOT NULL AUTO_INCREMENT, AUTO_INCREMENT=5;

--
-- AUTO_INCREMENT de la tabla `payments`
--
ALTER TABLE `payments`
  MODIFY `id` int(11) NOT NULL AUTO_INCREMENT;

--
-- AUTO_INCREMENT de la tabla `plans`
--
ALTER TABLE `plans`
  MODIFY `id` int(11) NOT NULL AUTO_INCREMENT, AUTO_INCREMENT=10;

--
-- AUTO_INCREMENT de la tabla `profiles`
--
ALTER TABLE `profiles`
  MODIFY `id` int(11) NOT NULL AUTO_INCREMENT, AUTO_INCREMENT=4;

--
-- AUTO_INCREMENT de la tabla `provinces`
--
ALTER TABLE `provinces`
  MODIFY `id` int(11) NOT NULL AUTO_INCREMENT, AUTO_INCREMENT=197;

--
-- AUTO_INCREMENT de la tabla `rates`
--
ALTER TABLE `rates`
  MODIFY `id` int(11) NOT NULL AUTO_INCREMENT, AUTO_INCREMENT=9;

--
-- AUTO_INCREMENT de la tabla `stats`
--
ALTER TABLE `stats`
  MODIFY `id` int(11) NOT NULL AUTO_INCREMENT;

--
-- AUTO_INCREMENT de la tabla `subscriptions`
--
ALTER TABLE `subscriptions`
  MODIFY `id` int(11) NOT NULL AUTO_INCREMENT, AUTO_INCREMENT=4;

--
-- AUTO_INCREMENT de la tabla `users`
--
ALTER TABLE `users`
  MODIFY `id` int(11) NOT NULL AUTO_INCREMENT, AUTO_INCREMENT=11;

--
-- AUTO_INCREMENT de la tabla `verification_logs`
--
ALTER TABLE `verification_logs`
  MODIFY `id` int(11) NOT NULL AUTO_INCREMENT;

--
-- Restricciones para tablas volcadas
--

--
-- Filtros para la tabla `districts`
--
ALTER TABLE `districts`
  ADD CONSTRAINT `districts_ibfk_1` FOREIGN KEY (`province_id`) REFERENCES `provinces` (`id`) ON DELETE CASCADE;

--
-- Filtros para la tabla `media`
--
ALTER TABLE `media`
  ADD CONSTRAINT `media_ibfk_1` FOREIGN KEY (`profile_id`) REFERENCES `profiles` (`id`) ON DELETE CASCADE;

--
-- Filtros para la tabla `payments`
--
ALTER TABLE `payments`
  ADD CONSTRAINT `payments_ibfk_1` FOREIGN KEY (`user_id`) REFERENCES `users` (`id`),
  ADD CONSTRAINT `payments_ibfk_2` FOREIGN KEY (`plan_id`) REFERENCES `plans` (`id`);

--
-- Filtros para la tabla `profiles`
--
ALTER TABLE `profiles`
  ADD CONSTRAINT `fk_profiles_district` FOREIGN KEY (`district_id`) REFERENCES `districts` (`id`),
  ADD CONSTRAINT `fk_profiles_province` FOREIGN KEY (`province_id`) REFERENCES `provinces` (`id`),
  ADD CONSTRAINT `profiles_ibfk_1` FOREIGN KEY (`user_id`) REFERENCES `users` (`id`) ON DELETE CASCADE;

--
-- Filtros para la tabla `rates`
--
ALTER TABLE `rates`
  ADD CONSTRAINT `rates_ibfk_1` FOREIGN KEY (`profile_id`) REFERENCES `profiles` (`id`) ON DELETE CASCADE;

--
-- Filtros para la tabla `stats`
--
ALTER TABLE `stats`
  ADD CONSTRAINT `stats_ibfk_1` FOREIGN KEY (`profile_id`) REFERENCES `profiles` (`id`) ON DELETE SET NULL,
  ADD CONSTRAINT `stats_ibfk_2` FOREIGN KEY (`visitor_id`) REFERENCES `users` (`id`) ON DELETE SET NULL;

--
-- Filtros para la tabla `subscriptions`
--
ALTER TABLE `subscriptions`
  ADD CONSTRAINT `subscriptions_ibfk_1` FOREIGN KEY (`user_id`) REFERENCES `users` (`id`),
  ADD CONSTRAINT `subscriptions_ibfk_2` FOREIGN KEY (`plan_id`) REFERENCES `plans` (`id`),
  ADD CONSTRAINT `subscriptions_ibfk_3` FOREIGN KEY (`payment_id`) REFERENCES `payments` (`id`);

--
-- Filtros para la tabla `verification_logs`
--
ALTER TABLE `verification_logs`
  ADD CONSTRAINT `verification_logs_ibfk_1` FOREIGN KEY (`user_id`) REFERENCES `users` (`id`),
  ADD CONSTRAINT `verification_logs_ibfk_2` FOREIGN KEY (`verified_by`) REFERENCES `users` (`id`);
COMMIT;

/*!40101 SET CHARACTER_SET_CLIENT=@OLD_CHARACTER_SET_CLIENT */;
/*!40101 SET CHARACTER_SET_RESULTS=@OLD_CHARACTER_SET_RESULTS */;
/*!40101 SET COLLATION_CONNECTION=@OLD_COLLATION_CONNECTION */;
